Workbook

Sheet PARAM
B1: BEAM TO COLUMN
B2: Double angle cleat, bolted both sides. Fill in the blue cells — the input tab is written from this one and nothing on it needs touching.
B4: 1. MEMBERS | C4: section, length, the gap to the column face, and the steel grade
C5: Section | D5: h | E5: b | F5: tw | G5: tf | H5: r | I5: kg/m | J5: Length
B6: Column | C6: H-300x300x10x15 r18 | D6: =IFERROR(VLOOKUP($C$6,SECT!$A:$G,2,FALSE),"") -> 300 | E6: =IFERROR(VLOOKUP($C$6,SECT!$A:$G,3,FALSE),"") -> 300 | F6: =IFERROR(VLOOKUP($C$6,SECT!$A:$G,4,FALSE),"") -> 10 | G6: =IFERROR(VLOOKUP($C$6,SECT!$A:$G,5,FALSE),"") -> 15 | H6: =IFERROR(VLOOKUP($C$6,SECT!$A:$G,6,FALSE),"") -> 18 | I6: =IFERROR(VLOOKUP($C$6,SECT!$A:$G,7,FALSE),"") -> 94 | J6: 1600
B7: Beam | C7: H-300x150x6.5x9 r13 | D7: =IFERROR(VLOOKUP($C$7,SECT!$A:$G,2,FALSE),"") -> 300 | E7: =IFERROR(VLOOKUP($C$7,SECT!$A:$G,3,FALSE),"") -> 150 | F7: =IFERROR(VLOOKUP($C$7,SECT!$A:$G,4,FALSE),"") -> 6.5 | G7: =IFERROR(VLOOKUP($C$7,SECT!$A:$G,5,FALSE),"") -> 9 | H7: =IFERROR(VLOOKUP($C$7,SECT!$A:$G,6,FALSE),"") -> 13 | I7: =IFERROR(VLOOKUP($C$7,SECT!$A:$G,7,FALSE),"") -> 36.7 | J7: 900
B8: Gap | C8: 10 | D8: beam end to column face
B9: Steel | C9: SS275 | D9: all three sections — the bolts carry their own grade
B10: The input tab turns the column 90° so its flanges face the beam. A square column cannot show that in a bounding box.
B11: checked for you | C11: gap | D11: =IF(PARAM!$C$8>0,PARAM!$C$8&" ok","must be > 0") -> 10 ok | E11: face X | F11: =PARAM!$D$6/2 -> 150
B13: 2. CLEAT | C13: two of them, one either side of the beam web - pick the angle and the end distance
C14: Angle | D14: a | E14: b | F14: t | G14: r1 | H14: r2 | I14: kg/m | J14: End | K14: Length
B15: Angle | C15: L-65x65x8 r8.5/6 | D15: =IFERROR(VLOOKUP($C$15,ANGLE!$A:$G,2,FALSE),"") -> 65 | E15: =IFERROR(VLOOKUP($C$15,ANGLE!$A:$G,3,FALSE),"") -> 65 | F15: =IFERROR(VLOOKUP($C$15,ANGLE!$A:$G,4,FALSE),"") -> 8 | G15: =IFERROR(VLOOKUP($C$15,ANGLE!$A:$G,5,FALSE),"") -> 8.5 | H15: =IFERROR(VLOOKUP($C$15,ANGLE!$A:$G,6,FALSE),"") -> 6 | I15: =IFERROR(VLOOKUP($C$15,ANGLE!$A:$G,7,FALSE),"") -> 7.66 | J15: 30 | K15: =PARAM!$F$21*(PARAM!$G$21-1)+2*PARAM!$J$15 -> 140
B16: End is the outer bolt to the end of the cleat, so Length = pitch × (count − 1) + 2 × End. A Length cannot be typed short.
B17: checked for you | C17: in the web | D17: =IF(PARAM!$K$15<=PARAM!$D$7-2*PARAM!$G$7-2*PARAM!$H$7,PARAM!$K$15&" ≤ "&(PARAM!$D$7-2*PARAM!$G$7-2*PARAM!$H$7),"too long for the web") -> 140 ≤ 256 | E17: on flange | F17: =IF(PARAM!$F$7/2+PARAM!$E$15<=PARAM!$E$6/2,ROUND(PARAM!$F$7/2+PARAM!$E$15,0)&" ≤ "&(PARAM!$E$6/2),"too wide") -> 68 ≤ 150 | G17: fillet | H17: =IF(PARAM!$H$21>=PARAM!$F$15+PARAM!$G$15,PARAM!$H$21&" ≥ "&(PARAM!$F$15+PARAM!$G$15),"in the fillet") -> 35 ≥ 16.5 | I17: beam end | J17: =IF(PARAM!$H$21-PARAM!$C$8>=1.5*PARAM!$D$21,(PARAM!$H$21-PARAM!$C$8)&" ≥ "&(1.5*PARAM!$D$21),"too near") -> 25 ≥ 24
B19: 3. BOLTS | C19: one group - the same bolt size holds the cleat to the column and to the beam
C20: Grade | D20: Dia | E20: Hole | F20: Pitch | G20: Count | H20: Gauge
B21: Bolt | C21: F10T | D21: 16 | E21: =PARAM!$D$21+2 -> 18 | F21: 40 | G21: 3 | H21: 35
C22: grip column | D22: grip beam | E22: nut | F22: needed | G22: LENGTH | H22: proj col | I22: proj beam
B23: Lengths | C23: =PARAM!$F$15+PARAM!$G$6 -> 23 | D23: =2*PARAM!$F$15+PARAM!$F$7 -> 22.5 | E23: =0.9*PARAM!$D$21 -> 14.4 | F23: =MAX(PARAM!$C$23,PARAM!$D$23)+PARAM!$E$23+0.2*PARAM!$D$21 -> 40.6 | G23: =CEILING(PARAM!$F$23,5) -> 45 | H23: =PARAM!$G$23-PARAM!$C$23-PARAM!$E$23 -> 7.6 | I23: =PARAM!$G$23-PARAM!$D$23-PARAM!$E$23 -> 8.1
B24: One LENGTH for both groups, rounded up to 5; proj takes up what the grip leaves. That is what keeps the take-off to one line.
B25: checked for you | C25: pitch | D25: =IF(PARAM!$F$21>=2.5*PARAM!$D$21,PARAM!$F$21&" ≥ "&(2.5*PARAM!$D$21),"under 2.5d") -> 40 ≥ 40 | E25: end | F25: =IF(PARAM!$J$15>=1.5*PARAM!$D$21,PARAM!$J$15&" ≥ "&(1.5*PARAM!$D$21),"under 1.5d") -> 30 ≥ 24 | G25: edge | H25: =IF(MIN(PARAM!$D$15,PARAM!$E$15)-PARAM!$H$21>=1.5*PARAM!$D$21,(MIN(PARAM!$D$15,PARAM!$E$15)-PARAM!$H$21)&" ≥ "&(1.5*PARAM!$D$21),"under 1.5d") -> 30 ≥ 24 | I25: length | J25: =IF(PARAM!$G$23>=PARAM!$F$23,PARAM!$G$23&" ≥ "&ROUND(PARAM!$F$23,1),"shorter than the grip") -> 45 ≥ 40.6

Sheet input
A1: Written from PARAM. Nothing here needs editing — change the front sheet instead.
B2: COORD | C2: ZUP
A4: SECT id material length TYPE base.pt v1..v7
A5: column | B5: SECT | C5: sc.col | D5: =PARAM!$C$9 -> SS275 | E5: =PARAM!$J$6 -> 1600 | F5: H | G5: mc | H5: =PARAM!$D$6 -> 300 | I5: =PARAM!$E$6 -> 300 | J5: =PARAM!$E$6 -> 300 | K5: =PARAM!$F$6 -> 10 | L5: =PARAM!$G$6 -> 15 | M5: =PARAM!$G$6 -> 15 | N5: =PARAM!$H$6 -> 18
A6: beam | B6: SECT | C6: sc.bm | D6: =PARAM!$C$9 -> SS275 | E6: =PARAM!$J$7 -> 900 | F6: H | G6: mc | H6: =PARAM!$D$7 -> 300 | I6: =PARAM!$E$7 -> 150 | J6: =PARAM!$E$7 -> 150 | K6: =PARAM!$F$7 -> 6.5 | L6: =PARAM!$G$7 -> 9 | M6: =PARAM!$G$7 -> 9 | N6: =PARAM!$H$7 -> 13
A7: cleat, x2 — the L is the whole reason there is no CUT row here | B7: SECT | C7: sc.cl | D7: =PARAM!$C$9 -> SS275 | E7: =PARAM!$K$15 -> 140 | F7: L | G7: mc | H7: =PARAM!$D$15 -> 65 | I7: =PARAM!$E$15 -> 65 | J7: =PARAM!$F$15 -> 8 | K7: =PARAM!$F$15 -> 8 | L7: =PARAM!$G$15 -> 8.5 | M7: =PARAM!$H$15 -> 6
A9: BOLT id material dia length hole [head_af] [head_h] [nut_af] nut_h proj
A10: The point on the MODULE row is the underside of the head. Both bolts are the same length, and proj — the thread past the nut — takes up whatever the grip leaves, so the take-off carries one line and not two.
A11: through the column flange and one cleat leg | B11: BOLT | C11: bo.c | D11: =PARAM!$C$21 -> F10T | E11: =PARAM!$D$21 -> 16 | F11: =PARAM!$G$23 -> 45 | G11: =PARAM!$E$21 -> 18 | K11: =PARAM!$E$23 -> 14.4 | L11: =PARAM!$H$23 -> 7.6
A12: through cleat, beam web and cleat | B12: BOLT | C12: bo.b | D12: =PARAM!$C$21 -> F10T | E12: =PARAM!$D$21 -> 16 | F12: =PARAM!$G$23 -> 45 | G12: =PARAM!$E$21 -> 18 | K12: =PARAM!$E$23 -> 14.4 | L12: =PARAM!$I$23 -> 8.1
A14: MODULE id member Ref.Pt L.X L.Y L.Z PLANE [ROT.X ROT.Y ROT.Z] [dx dy dz repeat]
A15: Every module starts at its own origin and the ASSY rows below place it. A section held by BASE is held at the centre of its starting face, so writing a world coordinate here as well would drag the member back.
A16: ROT.Z 90 turns the column so its FLANGES face the beam | B16: MODULE | C16: md.col | D16: sc.col | F16: 0 | G16: 0 | H16: 0 | I16: XY | J16: 0 | K16: 0 | L16: 90
B17: MODULE | C17: md.col | D17: BASE | E17: sc.col | F17: mc
B19: MODULE | C19: md.bm | D19: sc.bm | F19: 0 | G19: 0 | H19: 0 | I19: YZ
B20: MODULE | C20: md.bm | D20: BASE | E20: sc.bm | F20: mc
A22: the cleat, and the bolts that hold it to the column | B22: MODULE | C22: md.cl | D22: sc.cl | F22: 0 | G22: 0 | H22: 0 | I22: XY
A23: the head stands off behind the flange, and the shank runs through flange and leg | B23: MODULE | C23: md.cl | D23: bo.c | F23: =-(PARAM!$D$15/2+PARAM!$G$6) -> -47.5 | G23: =PARAM!$H$21-PARAM!$E$15/2 -> 2.5 | H23: =PARAM!$K$15/2+-PARAM!$F$21*(PARAM!$G$21-1)/2 -> 30 | I23: YZ | J23: 0 | K23: 0 | L23: 0 | M23: 0 | N23: 0 | O23: =PARAM!$F$21 -> 40 | P23: =PARAM!$G$21-1 -> 2
B24: MODULE | C24: md.cl | D24: BASE | E24: sc.cl | F24: mc
B26: MODULE | C26: md.bb | D26: bo.b | F26: 0 | G26: 0 | H26: 0 | I26: XZ | J26: 0 | K26: 0 | L26: 0 | M26: 0 | N26: 0 | O26: =PARAM!$F$21 -> 40 | P26: =PARAM!$G$21-1 -> 2
B27: MODULE | C27: md.bb | D27: BASE | E27: bo.b_1 | F27: mc
A29: ASSY id ref cmd p1 p2 p3 p4
B30: ASSY | C30: as.j | D30: md.col | E30: ADD | F30: 0 | G30: 0 | H30: =-PARAM!$J$6/2 -> -800
A31: the beam starts one gap clear of the column face | B31: ASSY | C31: as.j | D31: md.bm | E31: ADD | F31: =PARAM!$D$6/2+PARAM!$C$8 -> 160 | G31: 0 | H31: 0
A32: the L is held on its bbox centre, so the heel lands on the flange face and the web | B32: ASSY | C32: as.cl | D32: md.cl | E32: ADD | F32: =PARAM!$D$6/2+PARAM!$D$15/2 -> 182.5 | G32: =PARAM!$F$7/2+PARAM!$E$15/2 -> 35.75 | H32: =-PARAM!$K$15/2 -> -70
A33: the other cleat | B33: ASSY | C33: as.clm | D33: as.cl | E33: MIR | F33: 0 | G33: 0 | H33: 0 | I33: XZ
B34: ASSY | C34: as.j | D34: md.bb | E34: ADD | F34: =PARAM!$D$6/2+PARAM!$H$21 -> 185 | G34: =PARAM!$F$7/2+PARAM!$F$15 -> 11.25 | H34: =-PARAM!$F$21*(PARAM!$G$21-1)/2 -> -40
B36: VIEW | C36: as.j | D36: ISO | G36: 50 | H36: BCJOINT - ISOMETRIC
B37: PLOT | C37: PART | D37: ALL | E37: 10 | F37: PLATES
B38: PLOT | C38: SECT | D38: ALL | E38: 20 | F38: SECTIONS
B39: END

Sheet SECT
A1: Section | B1: h | C1: b | D1: tw | E1: tf | F1: r | G1: kg/m
A2: H-100x100x6x8 r10 | B2: 100 | C2: 100 | D2: 6 | E2: 8 | F2: 10 | G2: 17.2
A3: H-125x125x6.5x9 r10 | B3: 125 | C3: 125 | D3: 6.5 | E3: 9 | F3: 10 | G3: 23.8
A4: H-150x75x5x7 r8 | B4: 150 | C4: 75 | D4: 5 | E4: 7 | F4: 8 | G4: 14
A5: H-148x100x6x9 r11 | B5: 148 | C5: 100 | D5: 6 | E5: 9 | F5: 11 | G5: 21.1
A6: H-150x150x7x10 r11 | B6: 150 | C6: 150 | D6: 7 | E6: 10 | F6: 11 | G6: 31.5
A7: H-198x99x4.5x7 r11 | B7: 198 | C7: 99 | D7: 4.5 | E7: 7 | F7: 11 | G7: 18.2
A8: H-200x100x5.5x8 r11 | B8: 200 | C8: 100 | D8: 5.5 | E8: 8 | F8: 11 | G8: 21.3
A9: H-194x150x6x9 r13 | B9: 194 | C9: 150 | D9: 6 | E9: 9 | F9: 13 | G9: 30.6
A10: H-200x200x8x12 r13 | B10: 200 | C10: 200 | D10: 8 | E10: 12 | F10: 13 | G10: 49.9
A11: H-200x204x12x12 r13 | B11: 200 | C11: 204 | D11: 12 | E11: 12 | F11: 13 | G11: 56.2
A12: H-248x124x5x8 r12 | B12: 248 | C12: 124 | D12: 5 | E12: 8 | F12: 12 | G12: 25.7
A13: H-250x125x6x9 r12 | B13: 250 | C13: 125 | D13: 6 | E13: 9 | F13: 12 | G13: 29.6
... A59: H-918x303x19x37 r18 | B59: 918 | C59: 303 | D59: 19 | E59: 37 | F59: 18 | G59: 304

Sheet ANGLE
A1: Angle | B1: a | C1: b | D1: t | E1: r1 | F1: r2 | G1: kg/m
A2: L-25x25x3 r4/2 | B2: 25 | C2: 25 | D2: 3 | E2: 4 | F2: 2 | G2: 1.12
A3: L-30x30x3 r4/2 | B3: 30 | C3: 30 | D3: 3 | E3: 4 | F3: 2 | G3: 1.36
A4: L-40x40x3 r4.5/2 | B4: 40 | C4: 40 | D4: 3 | E4: 4.5 | F4: 2 | G4: 1.83
A5: L-40x40x5 r4.5/3 | B5: 40 | C5: 40 | D5: 5 | E5: 4.5 | F5: 3 | G5: 2.95
A6: L-45x45x4 r6.5/3 | B6: 45 | C6: 45 | D6: 4 | E6: 6.5 | F6: 3 | G6: 2.74
A7: L-45x45x5 r6.5/3 | B7: 45 | C7: 45 | D7: 5 | E7: 6.5 | F7: 3 | G7: 3.38
A8: L-50x50x4 r6.5/3 | B8: 50 | C8: 50 | D8: 4 | E8: 6.5 | F8: 3 | G8: 3.06
A9: L-50x50x5 r6.5/3 | B9: 50 | C9: 50 | D9: 5 | E9: 6.5 | F9: 3 | G9: 3.77
A10: L-50x50x6 r6.5/4.5 | B10: 50 | C10: 50 | D10: 6 | E10: 6.5 | F10: 4.5 | G10: 4.46
A11: L-60x60x4 r6.5/3 | B11: 60 | C11: 60 | D11: 4 | E11: 6.5 | F11: 3 | G11: 3.68
A12: L-60x60x5 r6.5/3 | B12: 60 | C12: 60 | D12: 5 | E12: 6.5 | F12: 3 | G12: 4.55
A13: L-65x65x5 r8.5/3 | B13: 65 | C13: 65 | D13: 5 | E13: 8.5 | F13: 3 | G13: 5
... A54: L-150x100x15 r12/8.5 | B54: 150 | C54: 100 | D54: 15 | E54: 12 | F54: 8.5 | G54: 27.7
