Workbook
Name SEC_H: SECT!$A$2:$A$60
Name SEC_R: TUBE!$A$2:$A$154

Sheet PARAM
B1: COLUMN
B2: Three pieces and a splice where two of them meet. Fill in the blue cells — the input tab is written from this one.
B4: 1. SECTION | C4: Type decides which list the Section cell offers — H sections, or square tubes
C5: Type | D5: Section | E5: h | F5: b | G5: tw / t | H5: tf | I5: r | J5: Alpha | K5: kg/m
B6: Column | C6: H | D6: H-300x300x10x15 r18 | E6: =IF(PARAM!$C$6="H",IFERROR(VLOOKUP($D$6,SECT!$A:$G,2,FALSE),""),IFERROR(VLOOKUP($D$6,TUBE!$A:$G,2,FALSE),"")) -> 300 | F6: =IF(PARAM!$C$6="H",IFERROR(VLOOKUP($D$6,SECT!$A:$G,3,FALSE),""),IFERROR(VLOOKUP($D$6,TUBE!$A:$G,3,FALSE),"")) -> 300 | G6: =IF(PARAM!$C$6="H",IFERROR(VLOOKUP($D$6,SECT!$A:$G,4,FALSE),""),IFERROR(VLOOKUP($D$6,TUBE!$A:$G,4,FALSE),"")) -> 10 | H6: =IF(PARAM!$C$6="H",IFERROR(VLOOKUP($D$6,SECT!$A:$G,5,FALSE),""),IFERROR(VLOOKUP($D$6,TUBE!$A:$G,5,FALSE),"")) -> 15 | I6: =IF(PARAM!$C$6="H",IFERROR(VLOOKUP($D$6,SECT!$A:$G,6,FALSE),""),IFERROR(VLOOKUP($D$6,TUBE!$A:$G,6,FALSE),"")) -> 18 | J6: 0 | K6: =IF(PARAM!$C$6="H",IFERROR(VLOOKUP($D$6,SECT!$A:$G,7,FALSE),""),IFERROR(VLOOKUP($D$6,TUBE!$A:$G,7,FALSE),"")) -> 94
B7: Length | D7: upper | E7: 700 | F7: middle | G7: 1400 | H7: lower | I7: 700
B8: Steel | C8: SS275 | E8: put 0 in upper or lower if you do not want that piece — its splice goes with it
B9: Pick "user define" at the top of either list and the five cells go blank — type over them. A tube has no flange, so its wall goes in tw and tf alike.
B10: Alpha turns the whole column about its axis, plates and bolts with it. 0 faces the flanges along X, ±90 along Y; a tube looks alike either way.
B11: checked for you | C11: section | D11: =IF(PARAM!$E$6="","fill in the dimensions","ok") -> ok | E11: splices | F11: =(IF(PARAM!$E$7>0,1,0)+IF(PARAM!$I$7>0,1,0))&" of 2" -> 2 of 2 | G11: flanges face | H11: =IF(PARAM!$C$6="H",IF(MOD(PARAM!$J$6,180)=0,"X","Y"),"all four alike") -> X
B13: 2. SPLICE PLATES | C13: cover plates on an H, an end plate on a tube — Type keeps whichever the section calls for
E14: Width | F14: Length | G14: Thick | H14: Qty | I14: Material | J14: gap / over
B15: Flange plate | E15: 300 | F15: 330 | G15: 12 | H15: 2 | I15: SS275 | J15: 10 | K15: Type H
B16: Flange inner plate | E16: 110 | F16: 330 | G16: 10 | H16: 4 | I16: SS275 | K16: Type H
B17: Web plate | E17: 234 | F17: 330 | G17: 10 | H17: 2 | I17: SS275 | K17: Type H
B18: End plate | E18: =PARAM!$E$6+2*PARAM!$J$18 -> 420 | F18: =PARAM!$F$6+2*PARAM!$J$18 -> 420 | G18: 20 | H18: 2 | I18: SS275 | J18: 60 | K18: Type R
B19: Width is across the flange or through the web; Length runs along the column. The end plate follows the section, plus 60 all round.
B20: checked for you | C20: in use | D20: =IF(PARAM!$C$6="H","cover plates","end plate") -> cover plates | E20: plate steel, kg | F20: =ROUND(IF(PARAM!$C$6="H",PARAM!$E$15*PARAM!$F$15*PARAM!$G$15*2+PARAM!$E$16*PARAM!$F$16*PARAM!$G$16*4+PARAM!$E$17*PARAM!$F$17*PARAM!$G$17*2,PARAM!$E$18*PARAM!$F$18*PARAM!$G$18*2)*7.85/1000000,1) -> 42.2 | G20: plates fit | H20: =IF(PARAM!$C$6="H",IF(AND(PARAM!$E$15<=PARAM!$F$6,PARAM!$E$17<=PARAM!$E$6-2*PARAM!$H$6-2*PARAM!$I$6),"ok",IF(PARAM!$E$15>PARAM!$F$6,"flange plate too wide","web plate too deep")),"n/a") -> ok
B22: 3. BOLTS | C22: the shank and the hole are different sizes, and each grip gets its own length
E23: dia | F23: hole | G23: grade | H23: flange L | I23: web L | J23: end L
B24: Bolt | E24: 16 | F24: =PARAM!$E$24+2 -> 18 | G24: F10T | H24: =IF(PARAM!$C$6="H",CEILING(PARAM!$G$15+PARAM!$H$6+PARAM!$G$16+1.1*PARAM!$E$24,5),"—") -> 55 | I24: =IF(PARAM!$C$6="H",CEILING(PARAM!$G$6+2*PARAM!$G$17+1.1*PARAM!$E$24,5),"—") -> 50 | J24: =IF(PARAM!$C$6="H","—",CEILING(2*PARAM!$G$18+1.1*PARAM!$E$24,5)) -> —
B25: bolt group | E25: Long N | F25: In | G25: Out | H25: Trans N | I25: In | J25: Out
B26: Flange | E26: 4 | F26: 70 | G26: 45 | H26: 4 | I26: 100 | J26: 40
B27: Web | E27: 4 | F27: 60 | G27: 45 | H27: 3 | I27: 0 | J27: 40
E28: Width N | F28: Out | H28: Length N | I28: Out
B29: End plate | E29: 3 | F29: 30 | H29: 3 | I29: 30
B30: Flange and Web: Long is along the column, Trans across it. End plate: how many bolts down each side of the plate, and Out from its edge.
B31: checked for you | C31: flange pitch | D31: =IF(PARAM!$C$6="H",ROUND((PARAM!$F$15/2-PARAM!$G$26-PARAM!$F$26/2)/(PARAM!$E$26/2-1),1)&" / "&ROUND((PARAM!$E$15/2-PARAM!$J$26-PARAM!$I$26/2)/(PARAM!$H$26/2-1),1),"n/a") -> 85 / 60 | E31: web pitch | F31: =IF(PARAM!$C$6="H",ROUND((PARAM!$F$17/2-PARAM!$G$27-PARAM!$F$27/2)/(PARAM!$E$27/2-1),1)&" / "&ROUND((PARAM!$E$17-2*PARAM!$J$27-PARAM!$I$27)/(PARAM!$H$27-1),1),"n/a") -> 90 / 77 | G31: bolts | H31: =IF(PARAM!$C$6="H",2*PARAM!$E$26*PARAM!$H$26+PARAM!$E$27*PARAM!$H$27,2*PARAM!$E$29+2*MAX(0,PARAM!$H$29-2))&" per splice" -> 44 per splice
B33: 4. BEAMS | C33: four world directions - X+ X- Y+ Y-. Length 0 and that beam is not there
C34: Detail | D34: Section | E34: h | F34: b | G34: tw | H34: tf | I34: r | J34: Length | K34: kg/m
B35: X+ | C35: C1 | D35: H-300x150x6.5x9 r13 | E35: =IFERROR(VLOOKUP($D$35,SECT!$A:$G,2,FALSE),"") -> 300 | F35: =IFERROR(VLOOKUP($D$35,SECT!$A:$G,3,FALSE),"") -> 150 | G35: =IFERROR(VLOOKUP($D$35,SECT!$A:$G,4,FALSE),"") -> 6.5 | H35: =IFERROR(VLOOKUP($D$35,SECT!$A:$G,5,FALSE),"") -> 9 | I35: =IFERROR(VLOOKUP($D$35,SECT!$A:$G,6,FALSE),"") -> 13 | J35: 900 | K35: =IFERROR(VLOOKUP($D$35,SECT!$A:$G,7,FALSE),"") -> 36.7
B36: X- | C36: C3 | D36: H-300x150x6.5x9 r13 | E36: =IFERROR(VLOOKUP($D$36,SECT!$A:$G,2,FALSE),"") -> 300 | F36: =IFERROR(VLOOKUP($D$36,SECT!$A:$G,3,FALSE),"") -> 150 | G36: =IFERROR(VLOOKUP($D$36,SECT!$A:$G,4,FALSE),"") -> 6.5 | H36: =IFERROR(VLOOKUP($D$36,SECT!$A:$G,5,FALSE),"") -> 9 | I36: =IFERROR(VLOOKUP($D$36,SECT!$A:$G,6,FALSE),"") -> 13 | J36: 900 | K36: =IFERROR(VLOOKUP($D$36,SECT!$A:$G,7,FALSE),"") -> 36.7
B37: Y+ | C37: C3 | D37: H-300x150x6.5x9 r13 | E37: =IFERROR(VLOOKUP($D$37,SECT!$A:$G,2,FALSE),"") -> 300 | F37: =IFERROR(VLOOKUP($D$37,SECT!$A:$G,3,FALSE),"") -> 150 | G37: =IFERROR(VLOOKUP($D$37,SECT!$A:$G,4,FALSE),"") -> 6.5 | H37: =IFERROR(VLOOKUP($D$37,SECT!$A:$G,5,FALSE),"") -> 9 | I37: =IFERROR(VLOOKUP($D$37,SECT!$A:$G,6,FALSE),"") -> 13 | J37: 900 | K37: =IFERROR(VLOOKUP($D$37,SECT!$A:$G,7,FALSE),"") -> 36.7
B38: Y- | C38: C3 | D38: H-300x150x6.5x9 r13 | E38: =IFERROR(VLOOKUP($D$38,SECT!$A:$G,2,FALSE),"") -> 300 | F38: =IFERROR(VLOOKUP($D$38,SECT!$A:$G,3,FALSE),"") -> 150 | G38: =IFERROR(VLOOKUP($D$38,SECT!$A:$G,4,FALSE),"") -> 6.5 | H38: =IFERROR(VLOOKUP($D$38,SECT!$A:$G,5,FALSE),"") -> 9 | I38: =IFERROR(VLOOKUP($D$38,SECT!$A:$G,6,FALSE),"") -> 13 | J38: 0 | K38: =IFERROR(VLOOKUP($D$38,SECT!$A:$G,7,FALSE),"") -> 36.7
B39: Beams are H only: a tube has no web to bolt through. The direction is the world's, so Alpha decides whether a beam lands on a flange or on the web.
B40: checked for you | C40: X faces | D40: =IF(PARAM!$C$6="H",IF(MOD(PARAM!$J$6,180)=0,"flange","web"),"tube wall") -> flange | E40: Y faces | F40: =IF(PARAM!$C$6="H",IF(MOD(PARAM!$J$6,180)=0,"web","flange"),"tube wall") -> web | G40: beams | H40: =(IF(PARAM!$J$35>0,1,0)+IF(PARAM!$J$36>0,1,0)+IF(PARAM!$J$37>0,1,0)+IF(PARAM!$J$38>0,1,0))&" of 4" -> 3 of 4
B42: 5. CONNECTION | C42: declare them here, then name one against each beam above — end plate bolts through the column, fin plate through the beam web
C43: Type | D43: what it is | E43: setback | F43: width | G43: height | H43: thick | I43: gauge | J43: edge | K43: pitch | L43: count
B44: C1 | C44: end plate | D44: 3 rows, through the col | E44: 0 | F44: 230 | G44: =K44*(L44-1)+2*J44 -> 230 | H44: 20 | I44: 140 | J44: 45 | K44: 70 | L44: 3
B45: C2 | C45: end plate | D45: 4 rows, for a deep beam | E45: 0 | F45: 230 | G45: =K45*(L45-1)+2*J45 -> 300 | H45: 20 | I45: 140 | J45: 45 | K45: 70 | L45: 4
B46: C3 | C46: fin plate | D46: 3 bolts through the web | E46: 10 | F46: 140 | G46: =K46*(L46-1)+2*J46 -> 230 | H46: 10 | I46: 60 | J46: 45 | K46: 70 | L46: 3
B47: C4 | C47: fin plate | D47: 4 bolts through the web | E47: 10 | F47: 140 | G47: =K47*(L47-1)+2*J47 -> 300 | H47: 10 | I47: 60 | J47: 45 | K47: 70 | L47: 4
B48: C5 | C48: fin plate | D48: 2 bolts, a thinner fin | E48: 10 | F48: 120 | G48: =K48*(L48-1)+2*J48 -> 140 | H48: 9 | I48: 55 | J48: 40 | K48: 60 | L48: 2
B49: C6 | D49: spare — set a Type | E49: 0 | F49: 0 | G49: =K49*(L49-1)+2*J49 -> 0 | H49: 0 | I49: 0 | J49: 0 | K49: 0 | L49: 0
B50: The mark is just a mark — Type says what it is. End plate gauge is across the beam web, fin plate gauge out from the column face.
B51: checked for you | C51: marks | D51: =IF(COUNTIF(PARAM!$B$44:$B$49,PARAM!$C$35)+COUNTIF(PARAM!$B$44:$B$49,PARAM!$C$36)+COUNTIF(PARAM!$B$44:$B$49,PARAM!$C$37)+COUNTIF(PARAM!$B$44:$B$49,PARAM!$C$38)=4,"all 4 beams found theirs","a beam names a mark that is not in the list") -> all 4 beams found theirs | E51: widest end plate | F51: =IF(NOT(PARAM!$C$6="H"),"n/a",IF(SUMPRODUCT(MAX((PARAM!$C$44:$C$49="end plate")*(PARAM!$F$44:$F$49)))<=PARAM!$E$6-2*PARAM!$H$6-2*PARAM!$I$6,"fits between the flanges","hits the flanges on a web face")) -> fits between the flanges | G51: longest bolt | H51: ="M"&PARAM!$E$24&" L"&MAX(IF(IFERROR(VLOOKUP(PARAM!$C$35,PARAM!$B$44:$K$49,2,FALSE),"")="end plate",CEILING(IF(PARAM!$C$6="H",IF(MOD(PARAM!$J$6,180)=0,PARAM!$H$6,PARAM!$G$6)+IFERROR(VLOOKUP(PARAM!$C$35,PARAM!$B$44:$K$49,7,FALSE),0),2*IFERROR(VLOOKUP(PARAM!$C$35,PARAM!$B$44:$K$49,7,FALSE),0))+1.1*PARAM!$E$24,5),IF(IFERROR(VLOOKUP(PARAM!$C$35,PARAM!$B$44:$K$49,2,FALSE),"")="fin plate",CEILING(IFERROR(VLOOKUP(PARAM!$C$35,PARAM!$B$44:$K$49,7,FALSE),0)+PARAM!$G$35+1.1*PARAM!$E$24,5),0)),IF(IFERROR(VLOOKUP(PARAM!$C$36,PARAM!$B$44:$K$49,2,FALSE),"")="end plate",CEILING(IF(PARAM!$C$6="H",IF(MOD(PARAM!$J$6,180)=0,PARAM!$H$6,PARAM!$G$6)+IFERROR(VLOOKUP(PARAM!$C$36,PARAM!$B$44:$K$49,7,FALSE),0),2*IFERROR(VLOOKUP(PARAM!$C$36,PARAM!$B$44:$K$49,7,FALSE),0))+1.1*PARAM!$E$24,5),IF(IFERROR(VLOOKUP(PARAM!$C$36,PARAM!$B$44:$K$49,2,FALSE),"")="fin plate",CEILING(IFERROR(VLOOKUP(PARAM!$C$36,PARAM!$B$44:$K$49,7,FALSE),0)+PARAM!$G$36+1.1*PARAM!$E$24,5),0)),IF(IFERROR(VLOOKUP(PARAM!$C$37,PARAM!$B$44:$K$49,2,FALSE),"")="end plate",CEILING(IF(PARAM!$C$6="H",IF(MOD(PARAM!$J$6,180)=0,PARAM!$G$6,PARAM!$H$6)+IFERROR(VLOOKUP(PARAM!$C$37,PARAM!$B$44:$K$49,7,FALSE),0),2*IFERROR(VLOOKUP(PARAM!$C$37,PARAM!$B$44:$K$49,7,FALSE),0))+1.1*PARAM!$E$24,5),IF(IFERROR(VLOOKUP(PARAM!$C$37,PARAM!$B$44:$K$49,2,FALSE),"")="fin plate",CEILING(IFERROR(VLOOKUP(PARAM!$C$37,PARAM!$B$44:$K$49,7,FALSE),0)+PARAM!$G$37+1.1*PARAM!$E$24,5),0)),IF(IFERROR(VLOOKUP(PARAM!$C$38,PARAM!$B$44:$K$49,2,FALSE),"")="end plate",CEILING(IF(PARAM!$C$6="H",IF(MOD(PARAM!$J$6,180)=0,PARAM!$G$6,PARAM!$H$6)+IFERROR(VLOOKUP(PARAM!$C$38,PARAM!$B$44:$K$49,7,FALSE),0),2*IFERROR(VLOOKUP(PARAM!$C$38,PARAM!$B$44:$K$49,7,FALSE),0))+1.1*PARAM!$E$24,5),IF(IFERROR(VLOOKUP(PARAM!$C$38,PARAM!$B$44:$K$49,2,FALSE),"")="fin plate",CEILING(IFERROR(VLOOKUP(PARAM!$C$38,PARAM!$B$44:$K$49,7,FALSE),0)+PARAM!$G$38+1.1*PARAM!$E$24,5),0))) -> M16 L55 | I51: flange passes | J51: =IF(NOT(PARAM!$C$6="H"),"n/a",IF(MOD(PARAM!$J$6,180)=0,IF(MAX(PARAM!$F$37,PARAM!$F$38)<=PARAM!$E$6-2*PARAM!$H$6-2*PARAM!$I$6,"ok","strip the beam flange"),IF(MAX(PARAM!$F$35,PARAM!$F$36)<=PARAM!$E$6-2*PARAM!$H$6-2*PARAM!$I$6,"ok","strip the beam flange"))) -> ok
B53: 6. COLUMN STIFFENER | C53: horizontal plates inside an H — a tube cannot take one, nothing reaches inside the wall
D54: for | E54: offset | F54: width | G54: depth | H54: thick
B55: 1 | D55: beam top flange | E55: 145.5 | F55: 145 | G55: 270 | H55: 12
B56: 2 | D56: beam bottom flange | E56: -145.5 | F56: 145 | G56: 270 | H56: 12
B57: 3 | E57: 0 | F57: 0 | G57: 0 | H57: 0
B58: 4 | E58: 0 | F58: 0 | G58: 0 | H58: 0
B59: 5 | E59: 0 | F59: 0 | G59: 0 | H59: 0
B60: 6 | E60: 0 | F60: 0 | G60: 0 | H60: 0
B61: 7 | E61: 0 | F61: 0 | G61: 0 | H61: 0
B62: 8 | E62: 0 | F62: 0 | G62: 0 | H62: 0
B63: Offset is signed, from the middle column's centre — where the beams sit. Width runs out from the web, depth between the flanges. Thick 0 = off.
B64: checked for you | C64: plates | D64: =IF(PARAM!$C$6="H",IF($H$55>0,2,0)+IF($H$56>0,2,0)+IF($H$57>0,2,0)+IF($H$58>0,2,0)+IF($H$59>0,2,0)+IF($H$60>0,2,0)+IF($H$61>0,2,0)+IF($H$62>0,2,0),0)&" of 16" -> 4 of 16 | E64: fits | F64: =IF(NOT(PARAM!$C$6="H"),"n/a",IF(MAX($F$55:$F$62)>(PARAM!$F$6-PARAM!$G$6)/2,"too wide",IF(MAX($G$55:$G$62)>PARAM!$E$6-2*PARAM!$H$6,"too deep","ok"))) -> ok | G64: beam flange at ± | H64: =ROUND((PARAM!$E$35-PARAM!$H$35)/2,1)&" / "&ROUND((PARAM!$E$36-PARAM!$H$36)/2,1)&" / "&ROUND((PARAM!$E$37-PARAM!$H$37)/2,1)&" / "&ROUND((PARAM!$E$38-PARAM!$H$38)/2,1) -> 145.5 / 145.5 / 145.5 / 145.5

Sheet input
A1: Written from PARAM. Nothing here needs editing — change the front sheet instead.
B2: COORD | C2: ZUP
A4: SECT id material length TYPE base.pt v1..v7 an H takes seven values, a tube four — the last three go blank by formula
A5: MAX(1,..) keeps the definition alive when its piece is switched off below: a SECT of length 0 is not defined at all, and the MODULE naming it then fails.
A6: upper | B6: SECT | C6: sc.c1 | D6: =PARAM!$C$8 -> SS275 | E6: =MAX(1,PARAM!$E$7) -> 700 | F6: =IF(PARAM!$C$6="H","H","R") -> H | G6: mc | H6: =PARAM!$E$6 -> 300 | I6: =PARAM!$F$6 -> 300 | J6: =IF(PARAM!$C$6="H",PARAM!$F$6,PARAM!$G$6) -> 300 | K6: =IF(PARAM!$C$6="H",PARAM!$G$6,PARAM!$I$6) -> 10 | L6: =IF(PARAM!$C$6="H",PARAM!$H$6,"") -> 15 | M6: =IF(PARAM!$C$6="H",PARAM!$H$6,"") -> 15 | N6: =IF(PARAM!$C$6="H",PARAM!$I$6,"") -> 18
A7: middle | B7: SECT | C7: sc.c2 | D7: =PARAM!$C$8 -> SS275 | E7: =MAX(1,PARAM!$G$7) -> 1400 | F7: =IF(PARAM!$C$6="H","H","R") -> H | G7: mc | H7: =PARAM!$E$6 -> 300 | I7: =PARAM!$F$6 -> 300 | J7: =IF(PARAM!$C$6="H",PARAM!$F$6,PARAM!$G$6) -> 300 | K7: =IF(PARAM!$C$6="H",PARAM!$G$6,PARAM!$I$6) -> 10 | L7: =IF(PARAM!$C$6="H",PARAM!$H$6,"") -> 15 | M7: =IF(PARAM!$C$6="H",PARAM!$H$6,"") -> 15 | N7: =IF(PARAM!$C$6="H",PARAM!$I$6,"") -> 18
A8: lower | B8: SECT | C8: sc.c3 | D8: =PARAM!$C$8 -> SS275 | E8: =MAX(1,PARAM!$I$7) -> 700 | F8: =IF(PARAM!$C$6="H","H","R") -> H | G8: mc | H8: =PARAM!$E$6 -> 300 | I8: =PARAM!$F$6 -> 300 | J8: =IF(PARAM!$C$6="H",PARAM!$F$6,PARAM!$G$6) -> 300 | K8: =IF(PARAM!$C$6="H",PARAM!$G$6,PARAM!$I$6) -> 10 | L8: =IF(PARAM!$C$6="H",PARAM!$H$6,"") -> 15 | M8: =IF(PARAM!$C$6="H",PARAM!$H$6,"") -> 15 | N8: =IF(PARAM!$C$6="H",PARAM!$I$6,"") -> 18
A10: PLATE / BOLT — pl.fo is the flange cover plate on an H and the end plate on a tube; the inner and web plates are switched off on a tube, and so are the bolts that hold them.
A11: flange plate, or end plate | B11: PLATE | C11: pl.fo | D11: =PARAM!$C$8 -> SS275 | E11: =IF(PARAM!$C$6="H",PARAM!$G$15,PARAM!$G$18) -> 12 | F11: RECT | G11: mc | H11: =IF(PARAM!$C$6="H",PARAM!$E$15,PARAM!$E$18) -> 300 | I11: =IF(PARAM!$C$6="H",PARAM!$F$15,PARAM!$F$18) -> 330
A12: flange inner plate, x4 — H only | B12: PLATE | C12: pl.fi | D12: =PARAM!$C$8 -> SS275 | E12: =PARAM!$G$16 -> 10 | F12: RECT | G12: mc | H12: =PARAM!$E$16 -> 110 | I12: =PARAM!$F$16 -> 330
A13: web plate, x2 — H only | B13: PLATE | C13: pl.wp | D13: =PARAM!$C$8 -> SS275 | E13: =PARAM!$G$17 -> 10 | F13: RECT | G13: mc | H13: =PARAM!$E$17 -> 234 | I13: =PARAM!$F$17 -> 330
A14: flange bolt, or end plate bolt | B14: BOLT | C14: bo.f | D14: =PARAM!$G$24 -> F10T | E14: =PARAM!$E$24 -> 16 | F14: =IF(PARAM!$C$6="H",PARAM!$H$24,PARAM!$J$24) -> 55 | G14: =PARAM!$F$24 -> 18 | K14: =0.9*PARAM!$E$24 -> 14.4 | L14: =IF(PARAM!$C$6="H",PARAM!$H$24-PARAM!$G$15-PARAM!$H$6-PARAM!$G$16,PARAM!$J$24-2*PARAM!$G$18)-0.9*PARAM!$E$24 -> 3.6
A15: web bolt — H only | B15: BOLT | C15: bo.w | D15: =PARAM!$G$24 -> F10T | E15: =PARAM!$E$24 -> 16 | F15: =IF(PARAM!$C$6="H",PARAM!$I$24,1) -> 50 | G15: =PARAM!$F$24 -> 18 | K15: =0.9*PARAM!$E$24 -> 14.4 | L15: =IF(PARAM!$C$6="H",PARAM!$I$24-PARAM!$G$6-2*PARAM!$G$17-0.9*PARAM!$E$24,0) -> 5.6
A17: the stiffeners, one plate per level. RECT takes B then H: B runs along the column's h and is the DEPTH between the flanges, H runs along b and is the WIDTH out from the web.
A18: MAX(1,..) once more — a plate of zero size is not defined at all, and the MODULE naming it would then fail rather than quietly skip.
A19: level 1 — every row of chapter 6 gets one of these | B19: PLATE | C19: pl.stf1 | D19: =PARAM!$C$8 -> SS275 | E19: =MAX(1,PARAM!$H$55) -> 12 | F19: RECT | G19: mc | H19: =MAX(1,PARAM!$G$55) -> 270 | I19: =MAX(1,PARAM!$F$55) -> 145
B20: PLATE | C20: pl.stf2 | D20: =PARAM!$C$8 -> SS275 | E20: =MAX(1,PARAM!$H$56) -> 12 | F20: RECT | G20: mc | H20: =MAX(1,PARAM!$G$56) -> 270 | I20: =MAX(1,PARAM!$F$56) -> 145
B21: PLATE | C21: pl.stf3 | D21: =PARAM!$C$8 -> SS275 | E21: =MAX(1,PARAM!$H$57) -> 1 | F21: RECT | G21: mc | H21: =MAX(1,PARAM!$G$57) -> 1 | I21: =MAX(1,PARAM!$F$57) -> 1
B22: PLATE | C22: pl.stf4 | D22: =PARAM!$C$8 -> SS275 | E22: =MAX(1,PARAM!$H$58) -> 1 | F22: RECT | G22: mc | H22: =MAX(1,PARAM!$G$58) -> 1 | I22: =MAX(1,PARAM!$F$58) -> 1
B23: PLATE | C23: pl.stf5 | D23: =PARAM!$C$8 -> SS275 | E23: =MAX(1,PARAM!$H$59) -> 1 | F23: RECT | G23: mc | H23: =MAX(1,PARAM!$G$59) -> 1 | I23: =MAX(1,PARAM!$F$59) -> 1
B24: PLATE | C24: pl.stf6 | D24: =PARAM!$C$8 -> SS275 | E24: =MAX(1,PARAM!$H$60) -> 1 | F24: RECT | G24: mc | H24: =MAX(1,PARAM!$G$60) -> 1 | I24: =MAX(1,PARAM!$F$60) -> 1
B25: PLATE | C25: pl.stf7 | D25: =PARAM!$C$8 -> SS275 | E25: =MAX(1,PARAM!$H$61) -> 1 | F25: RECT | G25: mc | H25: =MAX(1,PARAM!$G$61) -> 1 | I25: =MAX(1,PARAM!$F$61) -> 1
B26: PLATE | C26: pl.stf8 | D26: =PARAM!$C$8 -> SS275 | E26: =MAX(1,PARAM!$H$62) -> 1 | F26: RECT | G26: mc | H26: =MAX(1,PARAM!$G$62) -> 1 | I26: =MAX(1,PARAM!$F$62) -> 1
A28: MODULE id member Ref.Pt L.X L.Y L.Z PLANE [ROT.X ROT.Y ROT.Z] [dx dy dz repeat] [dx2 dy2 dz2 repeat2]
A29: ROT.Z 90 turns the section so its h runs along X. A square column cannot show that in a bounding box, so it is written down rather than looked for.
A30: a blank member is simply not there — which is how a length of 0 removes a piece | B30: MODULE | C30: md.c1 | D30: =IF(PARAM!$E$7>0,"sc.c1","") -> sc.c1 | F30: 0 | G30: 0 | H30: 0 | I30: XY | J30: 0 | K30: 0 | L30: 90
B31: MODULE | C31: md.c1 | D31: BASE | E31: sc.c1 | F31: mc
B32: MODULE | C32: md.c2 | D32: ="sc.c2" -> sc.c2 | F32: 0 | G32: 0 | H32: 0 | I32: XY | J32: 0 | K32: 0 | L32: 90
B33: MODULE | C33: md.c2 | D33: BASE | E33: sc.c2 | F33: mc
B34: MODULE | C34: md.c3 | D34: =IF(PARAM!$I$7>0,"sc.c3","") -> sc.c3 | F34: 0 | G34: 0 | H34: 0 | I34: XY | J34: 0 | K34: 0 | L34: 90
B35: MODULE | C35: md.c3 | D35: BASE | E35: sc.c3 | F35: mc
A37: The splice, its origin the middle of the joint. Every quadrant of a bolt group is one row: the two repeat axes reach across the flange and along the column, and the four sign combinations are the four corners of the pattern.
A38: flange plate on each flange — or, on a tube, the two end plates | B38: MODULE | C38: md.spu | D38: =IF(PARAM!$E$7>0,"pl.fo","") -> pl.fo | E38: mc | F38: =IF(PARAM!$C$6="H",((PARAM!$E$6/2+PARAM!$G$15/2)),0) -> 156 | G38: 0 | H38: =IF(PARAM!$C$6="H",0,(PARAM!$G$18/2)) -> 0 | I38: =IF(PARAM!$C$6="H","YZ","XY") -> YZ
B39: MODULE | C39: md.spu | D39: =IF(PARAM!$E$7>0,"pl.fo","") -> pl.fo | E39: mc | F39: =IF(PARAM!$C$6="H",-((PARAM!$E$6/2+PARAM!$G$15/2)),0) -> -156 | G39: 0 | H39: =IF(PARAM!$C$6="H",0,-(PARAM!$G$18/2)) -> 0 | I39: =IF(PARAM!$C$6="H","YZ","XY") -> YZ
A40: inner plates, each centred on its own two bolt lines | B40: MODULE | C40: md.spu | D40: =IF(AND(PARAM!$E$7>0,PARAM!$C$6="H"),"pl.fi","") -> pl.fi | E40: mc | F40: =((PARAM!$E$6/2-PARAM!$H$6-PARAM!$G$16/2)) -> 130 | G40: =((PARAM!$I$26/2+((PARAM!$E$15/2-PARAM!$J$26-PARAM!$I$26/2)/(PARAM!$H$26/2-1))/2)) -> 80 | H40: 0 | I40: YZ
B41: MODULE | C41: md.spu | D41: =IF(AND(PARAM!$E$7>0,PARAM!$C$6="H"),"pl.fi","") -> pl.fi | E41: mc | F41: =((PARAM!$E$6/2-PARAM!$H$6-PARAM!$G$16/2)) -> 130 | G41: =-((PARAM!$I$26/2+((PARAM!$E$15/2-PARAM!$J$26-PARAM!$I$26/2)/(PARAM!$H$26/2-1))/2)) -> -80 | H41: 0 | I41: YZ
B42: MODULE | C42: md.spu | D42: =IF(AND(PARAM!$E$7>0,PARAM!$C$6="H"),"pl.fi","") -> pl.fi | E42: mc | F42: =-((PARAM!$E$6/2-PARAM!$H$6-PARAM!$G$16/2)) -> -130 | G42: =((PARAM!$I$26/2+((PARAM!$E$15/2-PARAM!$J$26-PARAM!$I$26/2)/(PARAM!$H$26/2-1))/2)) -> 80 | H42: 0 | I42: YZ
B43: MODULE | C43: md.spu | D43: =IF(AND(PARAM!$E$7>0,PARAM!$C$6="H"),"pl.fi","") -> pl.fi | E43: mc | F43: =-((PARAM!$E$6/2-PARAM!$H$6-PARAM!$G$16/2)) -> -130 | G43: =-((PARAM!$I$26/2+((PARAM!$E$15/2-PARAM!$J$26-PARAM!$I$26/2)/(PARAM!$H$26/2-1))/2)) -> -80 | H43: 0 | I43: YZ
A44: web plate, one each side | B44: MODULE | C44: md.spu | D44: =IF(AND(PARAM!$E$7>0,PARAM!$C$6="H"),"pl.wp","") -> pl.wp | E44: mc | F44: 0 | G44: =((PARAM!$G$6/2+PARAM!$G$17/2)) -> 10 | H44: 0 | I44: XZ
B45: MODULE | C45: md.spu | D45: =IF(AND(PARAM!$E$7>0,PARAM!$C$6="H"),"pl.wp","") -> pl.wp | E45: mc | F45: 0 | G45: =-((PARAM!$G$6/2+PARAM!$G$17/2)) -> -10 | H45: 0 | I45: XZ
A46: one quadrant of the flange group; eight rows make the two flanges | B46: MODULE | C46: md.spu | D46: =IF(AND(PARAM!$E$7>0,PARAM!$C$6="H"),"bo.f","") -> bo.f | F46: =((PARAM!$E$6/2-PARAM!$H$6-PARAM!$G$16)) -> 125 | G46: =(PARAM!$I$26/2) -> 50 | H46: =(PARAM!$F$26/2) -> 35 | I46: YZ | J46: 0 | K46: 0 | L46: 0 | M46: 0 | N46: =((PARAM!$E$15/2-PARAM!$J$26-PARAM!$I$26/2)/(PARAM!$H$26/2-1)) -> 60 | O46: 0 | P46: =PARAM!$H$26/2-1 -> 1 | Q46: 0 | R46: 0 | S46: =((PARAM!$F$15/2-PARAM!$G$26-PARAM!$F$26/2)/(PARAM!$E$26/2-1)) -> 85 | T46: =PARAM!$E$26/2-1 -> 1
B47: MODULE | C47: md.spu | D47: =IF(AND(PARAM!$E$7>0,PARAM!$C$6="H"),"bo.f","") -> bo.f | F47: =((PARAM!$E$6/2-PARAM!$H$6-PARAM!$G$16)) -> 125 | G47: =-(PARAM!$I$26/2) -> -50 | H47: =(PARAM!$F$26/2) -> 35 | I47: YZ | J47: 0 | K47: 0 | L47: 0 | M47: 0 | N47: =-((PARAM!$E$15/2-PARAM!$J$26-PARAM!$I$26/2)/(PARAM!$H$26/2-1)) -> -60 | O47: 0 | P47: =PARAM!$H$26/2-1 -> 1 | Q47: 0 | R47: 0 | S47: =((PARAM!$F$15/2-PARAM!$G$26-PARAM!$F$26/2)/(PARAM!$E$26/2-1)) -> 85 | T47: =PARAM!$E$26/2-1 -> 1
B48: MODULE | C48: md.spu | D48: =IF(AND(PARAM!$E$7>0,PARAM!$C$6="H"),"bo.f","") -> bo.f | F48: =((PARAM!$E$6/2-PARAM!$H$6-PARAM!$G$16)) -> 125 | G48: =(PARAM!$I$26/2) -> 50 | H48: =-(PARAM!$F$26/2) -> -35 | I48: YZ | J48: 0 | K48: 0 | L48: 0 | M48: 0 | N48: =((PARAM!$E$15/2-PARAM!$J$26-PARAM!$I$26/2)/(PARAM!$H$26/2-1)) -> 60 | O48: 0 | P48: =PARAM!$H$26/2-1 -> 1 | Q48: 0 | R48: 0 | S48: =-((PARAM!$F$15/2-PARAM!$G$26-PARAM!$F$26/2)/(PARAM!$E$26/2-1)) -> -85 | T48: =PARAM!$E$26/2-1 -> 1
B49: MODULE | C49: md.spu | D49: =IF(AND(PARAM!$E$7>0,PARAM!$C$6="H"),"bo.f","") -> bo.f | F49: =((PARAM!$E$6/2-PARAM!$H$6-PARAM!$G$16)) -> 125 | G49: =-(PARAM!$I$26/2) -> -50 | H49: =-(PARAM!$F$26/2) -> -35 | I49: YZ | J49: 0 | K49: 0 | L49: 0 | M49: 0 | N49: =-((PARAM!$E$15/2-PARAM!$J$26-PARAM!$I$26/2)/(PARAM!$H$26/2-1)) -> -60 | O49: 0 | P49: =PARAM!$H$26/2-1 -> 1 | Q49: 0 | R49: 0 | S49: =-((PARAM!$F$15/2-PARAM!$G$26-PARAM!$F$26/2)/(PARAM!$E$26/2-1)) -> -85 | T49: =PARAM!$E$26/2-1 -> 1
B50: MODULE | C50: md.spu | D50: =IF(AND(PARAM!$E$7>0,PARAM!$C$6="H"),"bo.f","") -> bo.f | F50: =-((PARAM!$E$6/2-PARAM!$H$6-PARAM!$G$16)) -> -125 | G50: =(PARAM!$I$26/2) -> 50 | H50: =(PARAM!$F$26/2) -> 35 | I50: YZ | J50: 0 | K50: 0 | L50: 180 | M50: 0 | N50: =((PARAM!$E$15/2-PARAM!$J$26-PARAM!$I$26/2)/(PARAM!$H$26/2-1)) -> 60 | O50: 0 | P50: =PARAM!$H$26/2-1 -> 1 | Q50: 0 | R50: 0 | S50: =((PARAM!$F$15/2-PARAM!$G$26-PARAM!$F$26/2)/(PARAM!$E$26/2-1)) -> 85 | T50: =PARAM!$E$26/2-1 -> 1
B51: MODULE | C51: md.spu | D51: =IF(AND(PARAM!$E$7>0,PARAM!$C$6="H"),"bo.f","") -> bo.f | F51: =-((PARAM!$E$6/2-PARAM!$H$6-PARAM!$G$16)) -> -125 | G51: =-(PARAM!$I$26/2) -> -50 | H51: =(PARAM!$F$26/2) -> 35 | I51: YZ | J51: 0 | K51: 0 | L51: 180 | M51: 0 | N51: =-((PARAM!$E$15/2-PARAM!$J$26-PARAM!$I$26/2)/(PARAM!$H$26/2-1)) -> -60 | O51: 0 | P51: =PARAM!$H$26/2-1 -> 1 | Q51: 0 | R51: 0 | S51: =((PARAM!$F$15/2-PARAM!$G$26-PARAM!$F$26/2)/(PARAM!$E$26/2-1)) -> 85 | T51: =PARAM!$E$26/2-1 -> 1
B52: MODULE | C52: md.spu | D52: =IF(AND(PARAM!$E$7>0,PARAM!$C$6="H"),"bo.f","") -> bo.f | F52: =-((PARAM!$E$6/2-PARAM!$H$6-PARAM!$G$16)) -> -125 | G52: =(PARAM!$I$26/2) -> 50 | H52: =-(PARAM!$F$26/2) -> -35 | I52: YZ | J52: 0 | K52: 0 | L52: 180 | M52: 0 | N52: =((PARAM!$E$15/2-PARAM!$J$26-PARAM!$I$26/2)/(PARAM!$H$26/2-1)) -> 60 | O52: 0 | P52: =PARAM!$H$26/2-1 -> 1 | Q52: 0 | R52: 0 | S52: =-((PARAM!$F$15/2-PARAM!$G$26-PARAM!$F$26/2)/(PARAM!$E$26/2-1)) -> -85 | T52: =PARAM!$E$26/2-1 -> 1
B53: MODULE | C53: md.spu | D53: =IF(AND(PARAM!$E$7>0,PARAM!$C$6="H"),"bo.f","") -> bo.f | F53: =-((PARAM!$E$6/2-PARAM!$H$6-PARAM!$G$16)) -> -125 | G53: =-(PARAM!$I$26/2) -> -50 | H53: =-(PARAM!$F$26/2) -> -35 | I53: YZ | J53: 0 | K53: 0 | L53: 180 | M53: 0 | N53: =-((PARAM!$E$15/2-PARAM!$J$26-PARAM!$I$26/2)/(PARAM!$H$26/2-1)) -> -60 | O53: 0 | P53: =PARAM!$H$26/2-1 -> 1 | Q53: 0 | R53: 0 | S53: =-((PARAM!$F$15/2-PARAM!$G$26-PARAM!$F$26/2)/(PARAM!$E$26/2-1)) -> -85 | T53: =PARAM!$E$26/2-1 -> 1
A54: end plate: a full line down each X side of the plate | B54: MODULE | C54: md.spu | D54: =IF(AND(PARAM!$E$7>0,NOT(PARAM!$C$6="H")),"bo.f","") | F54: =-(PARAM!$E$18/2-PARAM!$F$29) -> -180 | G54: =((PARAM!$F$18/2-PARAM!$I$29)) -> 180 | H54: =-PARAM!$G$18/2 -> -10 | I54: XY | J54: 0 | K54: 0 | L54: 0 | M54: =((PARAM!$E$18-2*PARAM!$F$29)/(PARAM!$E$29-1)) -> 180 | N54: 0 | O54: 0 | P54: =PARAM!$E$29-1 -> 2
B55: MODULE | C55: md.spu | D55: =IF(AND(PARAM!$E$7>0,NOT(PARAM!$C$6="H")),"bo.f","") | F55: =-(PARAM!$E$18/2-PARAM!$F$29) -> -180 | G55: =-((PARAM!$F$18/2-PARAM!$I$29)) -> -180 | H55: =-PARAM!$G$18/2 -> -10 | I55: XY | J55: 0 | K55: 0 | L55: 0 | M55: =((PARAM!$E$18-2*PARAM!$F$29)/(PARAM!$E$29-1)) -> 180 | N55: 0 | O55: 0 | P55: =PARAM!$E$29-1 -> 2
A56: and the Y sides between them, corners already taken | B56: MODULE | C56: md.spu | D56: =IF(AND(PARAM!$E$7>0,NOT(PARAM!$C$6="H"),PARAM!$H$29>2),"bo.f","") | F56: =((PARAM!$E$18/2-PARAM!$F$29)) -> 180 | G56: =-(PARAM!$F$18/2-PARAM!$I$29)+((PARAM!$F$18-2*PARAM!$I$29)/(PARAM!$H$29-1)) -> 0 | H56: =-PARAM!$G$18/2 -> -10 | I56: XY | J56: 0 | K56: 0 | L56: 0 | M56: 0 | N56: =IF(PARAM!$H$29>3,((PARAM!$F$18-2*PARAM!$I$29)/(PARAM!$H$29-1)),0) -> 0 | O56: 0 | P56: =MAX(0,PARAM!$H$29-3) -> 0
B57: MODULE | C57: md.spu | D57: =IF(AND(PARAM!$E$7>0,NOT(PARAM!$C$6="H"),PARAM!$H$29>2),"bo.f","") | F57: =-((PARAM!$E$18/2-PARAM!$F$29)) -> -180 | G57: =-(PARAM!$F$18/2-PARAM!$I$29)+((PARAM!$F$18-2*PARAM!$I$29)/(PARAM!$H$29-1)) -> 0 | H57: =-PARAM!$G$18/2 -> -10 | I57: XY | J57: 0 | K57: 0 | L57: 0 | M57: 0 | N57: =IF(PARAM!$H$29>3,((PARAM!$F$18-2*PARAM!$I$29)/(PARAM!$H$29-1)),0) -> 0 | O57: 0 | P57: =MAX(0,PARAM!$H$29-3) -> 0
A58: the web: no gap at the middle of the depth, so it is one run across | B58: MODULE | C58: md.spu | D58: =IF(AND(PARAM!$E$7>0,PARAM!$C$6="H"),"bo.w","") -> bo.w | F58: =-(PARAM!$E$17/2-PARAM!$J$27) -> -77 | G58: =(PARAM!$G$6/2+PARAM!$G$17) -> 15 | H58: =(PARAM!$F$27/2) -> 30 | I58: XZ | J58: 0 | K58: 0 | L58: 0 | M58: =(PARAM!$E$17-2*PARAM!$J$27-PARAM!$I$27)/(PARAM!$H$27-1) -> 77 | N58: 0 | O58: 0 | P58: =PARAM!$H$27-1 -> 2 | Q58: 0 | R58: 0 | S58: =((PARAM!$F$17/2-PARAM!$G$27-PARAM!$F$27/2)/(PARAM!$E$27/2-1)) -> 90 | T58: =PARAM!$E$27/2-1 -> 1
B59: MODULE | C59: md.spu | D59: =IF(AND(PARAM!$E$7>0,PARAM!$C$6="H"),"bo.w","") -> bo.w | F59: =-(PARAM!$E$17/2-PARAM!$J$27) -> -77 | G59: =(PARAM!$G$6/2+PARAM!$G$17) -> 15 | H59: =-(PARAM!$F$27/2) -> -30 | I59: XZ | J59: 0 | K59: 0 | L59: 0 | M59: =(PARAM!$E$17-2*PARAM!$J$27-PARAM!$I$27)/(PARAM!$H$27-1) -> 77 | N59: 0 | O59: 0 | P59: =PARAM!$H$27-1 -> 2 | Q59: 0 | R59: 0 | S59: =-((PARAM!$F$17/2-PARAM!$G$27-PARAM!$F$27/2)/(PARAM!$E$27/2-1)) -> -90 | T59: =PARAM!$E$27/2-1 -> 1
B60: MODULE | C60: md.spu | D60: BASE | E60: pl.fo_1 | F60: mc
B61: MODULE | C61: md.spd | D61: =IF(PARAM!$I$7>0,"pl.fo","") -> pl.fo | E61: mc | F61: =IF(PARAM!$C$6="H",((PARAM!$E$6/2+PARAM!$G$15/2)),0) -> 156 | G61: 0 | H61: =IF(PARAM!$C$6="H",0,(PARAM!$G$18/2)) -> 0 | I61: =IF(PARAM!$C$6="H","YZ","XY") -> YZ
B62: MODULE | C62: md.spd | D62: =IF(PARAM!$I$7>0,"pl.fo","") -> pl.fo | E62: mc | F62: =IF(PARAM!$C$6="H",-((PARAM!$E$6/2+PARAM!$G$15/2)),0) -> -156 | G62: 0 | H62: =IF(PARAM!$C$6="H",0,-(PARAM!$G$18/2)) -> 0 | I62: =IF(PARAM!$C$6="H","YZ","XY") -> YZ
B63: MODULE | C63: md.spd | D63: =IF(AND(PARAM!$I$7>0,PARAM!$C$6="H"),"pl.fi","") -> pl.fi | E63: mc | F63: =((PARAM!$E$6/2-PARAM!$H$6-PARAM!$G$16/2)) -> 130 | G63: =((PARAM!$I$26/2+((PARAM!$E$15/2-PARAM!$J$26-PARAM!$I$26/2)/(PARAM!$H$26/2-1))/2)) -> 80 | H63: 0 | I63: YZ
B64: MODULE | C64: md.spd | D64: =IF(AND(PARAM!$I$7>0,PARAM!$C$6="H"),"pl.fi","") -> pl.fi | E64: mc | F64: =((PARAM!$E$6/2-PARAM!$H$6-PARAM!$G$16/2)) -> 130 | G64: =-((PARAM!$I$26/2+((PARAM!$E$15/2-PARAM!$J$26-PARAM!$I$26/2)/(PARAM!$H$26/2-1))/2)) -> -80 | H64: 0 | I64: YZ
B65: MODULE | C65: md.spd | D65: =IF(AND(PARAM!$I$7>0,PARAM!$C$6="H"),"pl.fi","") -> pl.fi | E65: mc | F65: =-((PARAM!$E$6/2-PARAM!$H$6-PARAM!$G$16/2)) -> -130 | G65: =((PARAM!$I$26/2+((PARAM!$E$15/2-PARAM!$J$26-PARAM!$I$26/2)/(PARAM!$H$26/2-1))/2)) -> 80 | H65: 0 | I65: YZ
B66: MODULE | C66: md.spd | D66: =IF(AND(PARAM!$I$7>0,PARAM!$C$6="H"),"pl.fi","") -> pl.fi | E66: mc | F66: =-((PARAM!$E$6/2-PARAM!$H$6-PARAM!$G$16/2)) -> -130 | G66: =-((PARAM!$I$26/2+((PARAM!$E$15/2-PARAM!$J$26-PARAM!$I$26/2)/(PARAM!$H$26/2-1))/2)) -> -80 | H66: 0 | I66: YZ
B67: MODULE | C67: md.spd | D67: =IF(AND(PARAM!$I$7>0,PARAM!$C$6="H"),"pl.wp","") -> pl.wp | E67: mc | F67: 0 | G67: =((PARAM!$G$6/2+PARAM!$G$17/2)) -> 10 | H67: 0 | I67: XZ
B68: MODULE | C68: md.spd | D68: =IF(AND(PARAM!$I$7>0,PARAM!$C$6="H"),"pl.wp","") -> pl.wp | E68: mc | F68: 0 | G68: =-((PARAM!$G$6/2+PARAM!$G$17/2)) -> -10 | H68: 0 | I68: XZ
B69: MODULE | C69: md.spd | D69: =IF(AND(PARAM!$I$7>0,PARAM!$C$6="H"),"bo.f","") -> bo.f | F69: =((PARAM!$E$6/2-PARAM!$H$6-PARAM!$G$16)) -> 125 | G69: =(PARAM!$I$26/2) -> 50 | H69: =(PARAM!$F$26/2) -> 35 | I69: YZ | J69: 0 | K69: 0 | L69: 0 | M69: 0 | N69: =((PARAM!$E$15/2-PARAM!$J$26-PARAM!$I$26/2)/(PARAM!$H$26/2-1)) -> 60 | O69: 0 | P69: =PARAM!$H$26/2-1 -> 1 | Q69: 0 | R69: 0 | S69: =((PARAM!$F$15/2-PARAM!$G$26-PARAM!$F$26/2)/(PARAM!$E$26/2-1)) -> 85 | T69: =PARAM!$E$26/2-1 -> 1
B70: MODULE | C70: md.spd | D70: =IF(AND(PARAM!$I$7>0,PARAM!$C$6="H"),"bo.f","") -> bo.f | F70: =((PARAM!$E$6/2-PARAM!$H$6-PARAM!$G$16)) -> 125 | G70: =-(PARAM!$I$26/2) -> -50 | H70: =(PARAM!$F$26/2) -> 35 | I70: YZ | J70: 0 | K70: 0 | L70: 0 | M70: 0 | N70: =-((PARAM!$E$15/2-PARAM!$J$26-PARAM!$I$26/2)/(PARAM!$H$26/2-1)) -> -60 | O70: 0 | P70: =PARAM!$H$26/2-1 -> 1 | Q70: 0 | R70: 0 | S70: =((PARAM!$F$15/2-PARAM!$G$26-PARAM!$F$26/2)/(PARAM!$E$26/2-1)) -> 85 | T70: =PARAM!$E$26/2-1 -> 1
B71: MODULE | C71: md.spd | D71: =IF(AND(PARAM!$I$7>0,PARAM!$C$6="H"),"bo.f","") -> bo.f | F71: =((PARAM!$E$6/2-PARAM!$H$6-PARAM!$G$16)) -> 125 | G71: =(PARAM!$I$26/2) -> 50 | H71: =-(PARAM!$F$26/2) -> -35 | I71: YZ | J71: 0 | K71: 0 | L71: 0 | M71: 0 | N71: =((PARAM!$E$15/2-PARAM!$J$26-PARAM!$I$26/2)/(PARAM!$H$26/2-1)) -> 60 | O71: 0 | P71: =PARAM!$H$26/2-1 -> 1 | Q71: 0 | R71: 0 | S71: =-((PARAM!$F$15/2-PARAM!$G$26-PARAM!$F$26/2)/(PARAM!$E$26/2-1)) -> -85 | T71: =PARAM!$E$26/2-1 -> 1
B72: MODULE | C72: md.spd | D72: =IF(AND(PARAM!$I$7>0,PARAM!$C$6="H"),"bo.f","") -> bo.f | F72: =((PARAM!$E$6/2-PARAM!$H$6-PARAM!$G$16)) -> 125 | G72: =-(PARAM!$I$26/2) -> -50 | H72: =-(PARAM!$F$26/2) -> -35 | I72: YZ | J72: 0 | K72: 0 | L72: 0 | M72: 0 | N72: =-((PARAM!$E$15/2-PARAM!$J$26-PARAM!$I$26/2)/(PARAM!$H$26/2-1)) -> -60 | O72: 0 | P72: =PARAM!$H$26/2-1 -> 1 | Q72: 0 | R72: 0 | S72: =-((PARAM!$F$15/2-PARAM!$G$26-PARAM!$F$26/2)/(PARAM!$E$26/2-1)) -> -85 | T72: =PARAM!$E$26/2-1 -> 1
B73: MODULE | C73: md.spd | D73: =IF(AND(PARAM!$I$7>0,PARAM!$C$6="H"),"bo.f","") -> bo.f | F73: =-((PARAM!$E$6/2-PARAM!$H$6-PARAM!$G$16)) -> -125 | G73: =(PARAM!$I$26/2) -> 50 | H73: =(PARAM!$F$26/2) -> 35 | I73: YZ | J73: 0 | K73: 0 | L73: 180 | M73: 0 | N73: =((PARAM!$E$15/2-PARAM!$J$26-PARAM!$I$26/2)/(PARAM!$H$26/2-1)) -> 60 | O73: 0 | P73: =PARAM!$H$26/2-1 -> 1 | Q73: 0 | R73: 0 | S73: =((PARAM!$F$15/2-PARAM!$G$26-PARAM!$F$26/2)/(PARAM!$E$26/2-1)) -> 85 | T73: =PARAM!$E$26/2-1 -> 1
B74: MODULE | C74: md.spd | D74: =IF(AND(PARAM!$I$7>0,PARAM!$C$6="H"),"bo.f","") -> bo.f | F74: =-((PARAM!$E$6/2-PARAM!$H$6-PARAM!$G$16)) -> -125 | G74: =-(PARAM!$I$26/2) -> -50 | H74: =(PARAM!$F$26/2) -> 35 | I74: YZ | J74: 0 | K74: 0 | L74: 180 | M74: 0 | N74: =-((PARAM!$E$15/2-PARAM!$J$26-PARAM!$I$26/2)/(PARAM!$H$26/2-1)) -> -60 | O74: 0 | P74: =PARAM!$H$26/2-1 -> 1 | Q74: 0 | R74: 0 | S74: =((PARAM!$F$15/2-PARAM!$G$26-PARAM!$F$26/2)/(PARAM!$E$26/2-1)) -> 85 | T74: =PARAM!$E$26/2-1 -> 1
B75: MODULE | C75: md.spd | D75: =IF(AND(PARAM!$I$7>0,PARAM!$C$6="H"),"bo.f","") -> bo.f | F75: =-((PARAM!$E$6/2-PARAM!$H$6-PARAM!$G$16)) -> -125 | G75: =(PARAM!$I$26/2) -> 50 | H75: =-(PARAM!$F$26/2) -> -35 | I75: YZ | J75: 0 | K75: 0 | L75: 180 | M75: 0 | N75: =((PARAM!$E$15/2-PARAM!$J$26-PARAM!$I$26/2)/(PARAM!$H$26/2-1)) -> 60 | O75: 0 | P75: =PARAM!$H$26/2-1 -> 1 | Q75: 0 | R75: 0 | S75: =-((PARAM!$F$15/2-PARAM!$G$26-PARAM!$F$26/2)/(PARAM!$E$26/2-1)) -> -85 | T75: =PARAM!$E$26/2-1 -> 1
B76: MODULE | C76: md.spd | D76: =IF(AND(PARAM!$I$7>0,PARAM!$C$6="H"),"bo.f","") -> bo.f | F76: =-((PARAM!$E$6/2-PARAM!$H$6-PARAM!$G$16)) -> -125 | G76: =-(PARAM!$I$26/2) -> -50 | H76: =-(PARAM!$F$26/2) -> -35 | I76: YZ | J76: 0 | K76: 0 | L76: 180 | M76: 0 | N76: =-((PARAM!$E$15/2-PARAM!$J$26-PARAM!$I$26/2)/(PARAM!$H$26/2-1)) -> -60 | O76: 0 | P76: =PARAM!$H$26/2-1 -> 1 | Q76: 0 | R76: 0 | S76: =-((PARAM!$F$15/2-PARAM!$G$26-PARAM!$F$26/2)/(PARAM!$E$26/2-1)) -> -85 | T76: =PARAM!$E$26/2-1 -> 1
B77: MODULE | C77: md.spd | D77: =IF(AND(PARAM!$I$7>0,NOT(PARAM!$C$6="H")),"bo.f","") | F77: =-(PARAM!$E$18/2-PARAM!$F$29) -> -180 | G77: =((PARAM!$F$18/2-PARAM!$I$29)) -> 180 | H77: =-PARAM!$G$18/2 -> -10 | I77: XY | J77: 0 | K77: 0 | L77: 0 | M77: =((PARAM!$E$18-2*PARAM!$F$29)/(PARAM!$E$29-1)) -> 180 | N77: 0 | O77: 0 | P77: =PARAM!$E$29-1 -> 2
B78: MODULE | C78: md.spd | D78: =IF(AND(PARAM!$I$7>0,NOT(PARAM!$C$6="H")),"bo.f","") | F78: =-(PARAM!$E$18/2-PARAM!$F$29) -> -180 | G78: =-((PARAM!$F$18/2-PARAM!$I$29)) -> -180 | H78: =-PARAM!$G$18/2 -> -10 | I78: XY | J78: 0 | K78: 0 | L78: 0 | M78: =((PARAM!$E$18-2*PARAM!$F$29)/(PARAM!$E$29-1)) -> 180 | N78: 0 | O78: 0 | P78: =PARAM!$E$29-1 -> 2
B79: MODULE | C79: md.spd | D79: =IF(AND(PARAM!$I$7>0,NOT(PARAM!$C$6="H"),PARAM!$H$29>2),"bo.f","") | F79: =((PARAM!$E$18/2-PARAM!$F$29)) -> 180 | G79: =-(PARAM!$F$18/2-PARAM!$I$29)+((PARAM!$F$18-2*PARAM!$I$29)/(PARAM!$H$29-1)) -> 0 | H79: =-PARAM!$G$18/2 -> -10 | I79: XY | J79: 0 | K79: 0 | L79: 0 | M79: 0 | N79: =IF(PARAM!$H$29>3,((PARAM!$F$18-2*PARAM!$I$29)/(PARAM!$H$29-1)),0) -> 0 | O79: 0 | P79: =MAX(0,PARAM!$H$29-3) -> 0
B80: MODULE | C80: md.spd | D80: =IF(AND(PARAM!$I$7>0,NOT(PARAM!$C$6="H"),PARAM!$H$29>2),"bo.f","") | F80: =-((PARAM!$E$18/2-PARAM!$F$29)) -> -180 | G80: =-(PARAM!$F$18/2-PARAM!$I$29)+((PARAM!$F$18-2*PARAM!$I$29)/(PARAM!$H$29-1)) -> 0 | H80: =-PARAM!$G$18/2 -> -10 | I80: XY | J80: 0 | K80: 0 | L80: 0 | M80: 0 | N80: =IF(PARAM!$H$29>3,((PARAM!$F$18-2*PARAM!$I$29)/(PARAM!$H$29-1)),0) -> 0 | O80: 0 | P80: =MAX(0,PARAM!$H$29-3) -> 0
B81: MODULE | C81: md.spd | D81: =IF(AND(PARAM!$I$7>0,PARAM!$C$6="H"),"bo.w","") -> bo.w | F81: =-(PARAM!$E$17/2-PARAM!$J$27) -> -77 | G81: =(PARAM!$G$6/2+PARAM!$G$17) -> 15 | H81: =(PARAM!$F$27/2) -> 30 | I81: XZ | J81: 0 | K81: 0 | L81: 0 | M81: =(PARAM!$E$17-2*PARAM!$J$27-PARAM!$I$27)/(PARAM!$H$27-1) -> 77 | N81: 0 | O81: 0 | P81: =PARAM!$H$27-1 -> 2 | Q81: 0 | R81: 0 | S81: =((PARAM!$F$17/2-PARAM!$G$27-PARAM!$F$27/2)/(PARAM!$E$27/2-1)) -> 90 | T81: =PARAM!$E$27/2-1 -> 1
B82: MODULE | C82: md.spd | D82: =IF(AND(PARAM!$I$7>0,PARAM!$C$6="H"),"bo.w","") -> bo.w | F82: =-(PARAM!$E$17/2-PARAM!$J$27) -> -77 | G82: =(PARAM!$G$6/2+PARAM!$G$17) -> 15 | H82: =-(PARAM!$F$27/2) -> -30 | I82: XZ | J82: 0 | K82: 0 | L82: 0 | M82: =(PARAM!$E$17-2*PARAM!$J$27-PARAM!$I$27)/(PARAM!$H$27-1) -> 77 | N82: 0 | O82: 0 | P82: =PARAM!$H$27-1 -> 2 | Q82: 0 | R82: 0 | S82: =-((PARAM!$F$17/2-PARAM!$G$27-PARAM!$F$27/2)/(PARAM!$E$27/2-1)) -> -90 | T82: =PARAM!$E$27/2-1 -> 1
B83: MODULE | C83: md.spd | D83: BASE | E83: pl.fo_1 | F83: mc
A85: the stiffeners, inside the middle column module so Alpha turns them with it. Local z 0 is the foot of that piece, so its centre — and the beams — are at mid/2.
A86: One row per level; the repeat puts the second plate the other side of the web, the web splitting the space between the flanges in two.
A87: level 1, one plate each side of the web | B87: MODULE | C87: md.c2 | D87: =IF(AND(PARAM!$C$6="H",PARAM!$H$55>0),"pl.stf1","") -> pl.stf1 | E87: mc | F87: 0 | G87: =-(PARAM!$F$6+PARAM!$G$6)/4 -> -77.5 | H87: =PARAM!$G$7/2+PARAM!$E$55 -> 845.5 | I87: XY | J87: 0 | K87: 0 | L87: 0 | M87: 0 | N87: =2*(PARAM!$F$6+PARAM!$G$6)/4 -> 155 | O87: 0 | P87: 1
B88: MODULE | C88: md.c2 | D88: =IF(AND(PARAM!$C$6="H",PARAM!$H$56>0),"pl.stf2","") -> pl.stf2 | E88: mc | F88: 0 | G88: =-(PARAM!$F$6+PARAM!$G$6)/4 -> -77.5 | H88: =PARAM!$G$7/2+PARAM!$E$56 -> 554.5 | I88: XY | J88: 0 | K88: 0 | L88: 0 | M88: 0 | N88: =2*(PARAM!$F$6+PARAM!$G$6)/4 -> 155 | O88: 0 | P88: 1
B89: MODULE | C89: md.c2 | D89: =IF(AND(PARAM!$C$6="H",PARAM!$H$57>0),"pl.stf3","") | E89: mc | F89: 0 | G89: =-(PARAM!$F$6+PARAM!$G$6)/4 -> -77.5 | H89: =PARAM!$G$7/2+PARAM!$E$57 -> 700 | I89: XY | J89: 0 | K89: 0 | L89: 0 | M89: 0 | N89: =2*(PARAM!$F$6+PARAM!$G$6)/4 -> 155 | O89: 0 | P89: 1
B90: MODULE | C90: md.c2 | D90: =IF(AND(PARAM!$C$6="H",PARAM!$H$58>0),"pl.stf4","") | E90: mc | F90: 0 | G90: =-(PARAM!$F$6+PARAM!$G$6)/4 -> -77.5 | H90: =PARAM!$G$7/2+PARAM!$E$58 -> 700 | I90: XY | J90: 0 | K90: 0 | L90: 0 | M90: 0 | N90: =2*(PARAM!$F$6+PARAM!$G$6)/4 -> 155 | O90: 0 | P90: 1
B91: MODULE | C91: md.c2 | D91: =IF(AND(PARAM!$C$6="H",PARAM!$H$59>0),"pl.stf5","") | E91: mc | F91: 0 | G91: =-(PARAM!$F$6+PARAM!$G$6)/4 -> -77.5 | H91: =PARAM!$G$7/2+PARAM!$E$59 -> 700 | I91: XY | J91: 0 | K91: 0 | L91: 0 | M91: 0 | N91: =2*(PARAM!$F$6+PARAM!$G$6)/4 -> 155 | O91: 0 | P91: 1
B92: MODULE | C92: md.c2 | D92: =IF(AND(PARAM!$C$6="H",PARAM!$H$60>0),"pl.stf6","") | E92: mc | F92: 0 | G92: =-(PARAM!$F$6+PARAM!$G$6)/4 -> -77.5 | H92: =PARAM!$G$7/2+PARAM!$E$60 -> 700 | I92: XY | J92: 0 | K92: 0 | L92: 0 | M92: 0 | N92: =2*(PARAM!$F$6+PARAM!$G$6)/4 -> 155 | O92: 0 | P92: 1
B93: MODULE | C93: md.c2 | D93: =IF(AND(PARAM!$C$6="H",PARAM!$H$61>0),"pl.stf7","") | E93: mc | F93: 0 | G93: =-(PARAM!$F$6+PARAM!$G$6)/4 -> -77.5 | H93: =PARAM!$G$7/2+PARAM!$E$61 -> 700 | I93: XY | J93: 0 | K93: 0 | L93: 0 | M93: 0 | N93: =2*(PARAM!$F$6+PARAM!$G$6)/4 -> 155 | O93: 0 | P93: 1
B94: MODULE | C94: md.c2 | D94: =IF(AND(PARAM!$C$6="H",PARAM!$H$62>0),"pl.stf8","") | E94: mc | F94: 0 | G94: =-(PARAM!$F$6+PARAM!$G$6)/4 -> -77.5 | H94: =PARAM!$G$7/2+PARAM!$E$62 -> 700 | I94: XY | J94: 0 | K94: 0 | L94: 0 | M94: 0 | N94: =2*(PARAM!$F$6+PARAM!$G$6)/4 -> 155 | O94: 0 | P94: 1
A96: ASSY id ref cmd p1 p2 p3 BASE holds pl.fo_1, so a splice row names where THAT plate sits, not where the joint is
A97: middle | B97: ASSY | C97: as.col | D97: md.c2 | E97: ADD | F97: 0 | G97: 0 | H97: =-PARAM!$G$7/2 -> -700 | I97: 0 | J97: 0 | K97: =PARAM!$J$6 -> 0
A98: upper, clear of the joint | B98: ASSY | C98: as.col | D98: md.c1 | E98: ADD | F98: 0 | G98: 0 | H98: =(PARAM!$G$7/2+IF(PARAM!$C$6="H",PARAM!$J$15,2*PARAM!$G$18)) -> 710 | I98: 0 | J98: 0 | K98: =PARAM!$J$6 -> 0
A99: lower | B99: ASSY | C99: as.col | D99: md.c3 | E99: ADD | F99: 0 | G99: 0 | H99: =-((PARAM!$G$7/2+IF(PARAM!$C$6="H",PARAM!$J$15,2*PARAM!$G$18))+MAX(1,PARAM!$I$7)) -> -1410 | I99: 0 | J99: 0 | K99: =PARAM!$J$6 -> 0
A100: the splice point goes round the axis with the rest of it | B100: ASSY | C100: as.col | D100: md.spu | E100: ADD | F100: =ROUND((IF(PARAM!$C$6="H",(PARAM!$E$6/2+PARAM!$G$15/2),0))*COS(RADIANS(PARAM!$J$6)),6) -> 156 | G100: =ROUND((IF(PARAM!$C$6="H",(PARAM!$E$6/2+PARAM!$G$15/2),0))*SIN(RADIANS(PARAM!$J$6)),6) -> 0 | H100: =(PARAM!$G$7/2+IF(PARAM!$C$6="H",PARAM!$J$15/2,PARAM!$G$18))+IF(PARAM!$C$6="H",0,-PARAM!$G$18/2) -> 705 | I100: 0 | J100: 0 | K100: =PARAM!$J$6 -> 0
B101: ASSY | C101: as.col | D101: md.spd | E101: ADD | F101: =ROUND((IF(PARAM!$C$6="H",(PARAM!$E$6/2+PARAM!$G$15/2),0))*COS(RADIANS(PARAM!$J$6)),6) -> 156 | G101: =ROUND((IF(PARAM!$C$6="H",(PARAM!$E$6/2+PARAM!$G$15/2),0))*SIN(RADIANS(PARAM!$J$6)),6) -> 0 | H101: =-(PARAM!$G$7/2+IF(PARAM!$C$6="H",PARAM!$J$15/2,PARAM!$G$18))+IF(PARAM!$C$6="H",0,PARAM!$G$18/2) -> -705 | I101: 0 | J101: 0 | K101: =PARAM!$J$6 -> 0
A103: SECT / PLATE / BOLT for the beams. One end plate serves all four; the bolt comes in two lengths because an X face and a Y face are not the same thickness of steel once Alpha has turned the column.
A104: one per direction, so each can be its own section | B104: SECT | C104: sc.bma | D104: =PARAM!$C$8 -> SS275 | E104: =MAX(1,PARAM!$J$35) -> 900 | F104: H | G104: mc | H104: =PARAM!$E$35 -> 300 | I104: =PARAM!$F$35 -> 150 | J104: =PARAM!$F$35 -> 150 | K104: =PARAM!$G$35 -> 6.5 | L104: =PARAM!$H$35 -> 9 | M104: =PARAM!$H$35 -> 9 | N104: =PARAM!$I$35 -> 13
B105: SECT | C105: sc.bmb | D105: =PARAM!$C$8 -> SS275 | E105: =MAX(1,PARAM!$J$36) -> 900 | F105: H | G105: mc | H105: =PARAM!$E$36 -> 300 | I105: =PARAM!$F$36 -> 150 | J105: =PARAM!$F$36 -> 150 | K105: =PARAM!$G$36 -> 6.5 | L105: =PARAM!$H$36 -> 9 | M105: =PARAM!$H$36 -> 9 | N105: =PARAM!$I$36 -> 13
B106: SECT | C106: sc.bmc | D106: =PARAM!$C$8 -> SS275 | E106: =MAX(1,PARAM!$J$37) -> 900 | F106: H | G106: mc | H106: =PARAM!$E$37 -> 300 | I106: =PARAM!$F$37 -> 150 | J106: =PARAM!$F$37 -> 150 | K106: =PARAM!$G$37 -> 6.5 | L106: =PARAM!$H$37 -> 9 | M106: =PARAM!$H$37 -> 9 | N106: =PARAM!$I$37 -> 13
B107: SECT | C107: sc.bmd | D107: =PARAM!$C$8 -> SS275 | E107: =MAX(1,PARAM!$J$38) -> 1 | F107: H | G107: mc | H107: =PARAM!$E$38 -> 300 | I107: =PARAM!$F$38 -> 150 | J107: =PARAM!$F$38 -> 150 | K107: =PARAM!$G$38 -> 6.5 | L107: =PARAM!$H$38 -> 9 | M107: =PARAM!$H$38 -> 9 | N107: =PARAM!$I$38 -> 13
A109: One plate and one bolt for each beam, since each beam names its own connection. The plate is the end plate or the fin depending on that mark; MAX(1,..) keeps it defined when the mark is blank.
...

Sheet SECT
A1: Section | B1: h | C1: b | D1: tw | E1: tf | F1: r | G1: kg/m
A2: user define
A3: H-100x100x6x8 r10 | B3: 100 | C3: 100 | D3: 6 | E3: 8 | F3: 10 | G3: 17.2
A4: H-125x125x6.5x9 r10 | B4: 125 | C4: 125 | D4: 6.5 | E4: 9 | F4: 10 | G4: 23.8
A5: H-150x75x5x7 r8 | B5: 150 | C5: 75 | D5: 5 | E5: 7 | F5: 8 | G5: 14
A6: H-148x100x6x9 r11 | B6: 148 | C6: 100 | D6: 6 | E6: 9 | F6: 11 | G6: 21.1
A7: H-150x150x7x10 r11 | B7: 150 | C7: 150 | D7: 7 | E7: 10 | F7: 11 | G7: 31.5
A8: H-198x99x4.5x7 r11 | B8: 198 | C8: 99 | D8: 4.5 | E8: 7 | F8: 11 | G8: 18.2
A9: H-200x100x5.5x8 r11 | B9: 200 | C9: 100 | D9: 5.5 | E9: 8 | F9: 11 | G9: 21.3
A10: H-194x150x6x9 r13 | B10: 194 | C10: 150 | D10: 6 | E10: 9 | F10: 13 | G10: 30.6
A11: H-200x200x8x12 r13 | B11: 200 | C11: 200 | D11: 8 | E11: 12 | F11: 13 | G11: 49.9
A12: H-200x204x12x12 r13 | B12: 200 | C12: 204 | D12: 12 | E12: 12 | F12: 13 | G12: 56.2
A13: H-248x124x5x8 r12 | B13: 248 | C13: 124 | D13: 5 | E13: 8 | F13: 12 | G13: 25.7
A14: H-250x125x6x9 r12 | B14: 250 | C14: 125 | D14: 6 | E14: 9 | F14: 12 | G14: 29.6
... A60: H-918x303x19x37 r18 | B60: 918 | C60: 303 | D60: 19 | E60: 37 | F60: 18 | G60: 304

Sheet TUBE
A1: Section | B1: h | C1: b | D1: tw | E1: tf | F1: r | G1: kg/m
A2: user define
A3: R-20x20x1.2 r2.4 | B3: 20 | C3: 20 | D3: 1.2 | E3: 1.2 | F3: 2.4 | G3: 0.68
A4: R-20x20x1.6 r3.2 | B4: 20 | C4: 20 | D4: 1.6 | E4: 1.6 | F4: 3.2 | G4: 0.87
A5: R-25x25x1.2 r2.4 | B5: 25 | C5: 25 | D5: 1.2 | E5: 1.2 | F5: 2.4 | G5: 0.87
A6: R-25x25x1.6 r3.2 | B6: 25 | C6: 25 | D6: 1.6 | E6: 1.6 | F6: 3.2 | G6: 1.12
A7: R-30x30x1.2 r2.4 | B7: 30 | C7: 30 | D7: 1.2 | E7: 1.2 | F7: 2.4 | G7: 1.06
A8: R-30x30x1.6 r3.2 | B8: 30 | C8: 30 | D8: 1.6 | E8: 1.6 | F8: 3.2 | G8: 1.38
A9: R-40x40x1.6 r3.2 | B9: 40 | C9: 40 | D9: 1.6 | E9: 1.6 | F9: 3.2 | G9: 1.88
A10: R-40x40x2.3 r4.6 | B10: 40 | C10: 40 | D10: 2.3 | E10: 2.3 | F10: 4.6 | G10: 2.62
A11: R-50x50x1.6 r3.2 | B11: 50 | C11: 50 | D11: 1.6 | E11: 1.6 | F11: 3.2 | G11: 2.38
A12: R-50x50x2.3 r4.6 | B12: 50 | C12: 50 | D12: 2.3 | E12: 2.3 | F12: 4.6 | G12: 3.34
A13: R-50x50x3.2 r6.4 | B13: 50 | C13: 50 | D13: 3.2 | E13: 3.2 | F13: 6.4 | G13: 4.5
A14: R-60x60x1.6 r3.2 | B14: 60 | C14: 60 | D14: 1.6 | E14: 1.6 | F14: 3.2 | G14: 2.88
... A154: R-800x800x40 r140 | B154: 800 | C154: 800 | D154: 40 | E154: 40 | F154: 140 | G154: 889.87
