Workbook

Sheet PARAM
B1: TOWER CRANE
B2: Fill in the blue cells. Everything else follows — the input tab is written from this one, and nothing on it needs touching.
B4: 1. MAST | C4: how tall the tower stands — panel count is the height
C5: Panel ht | D5: Panels | E5: Foot lvl | F5: A-frame ht | H5: Mast top | I5: Apex | J5: Overall
B6: Mast | C6: 2400 | D6: 15 | E6: 1000 | F6: 9630 | H6: ==PARAM!$E$6+PARAM!$C$6*PARAM!$D$6 -> 37000 | I6: ==PARAM!$H$6+370+PARAM!$F$6 -> 47000 | J6: ==PARAM!$I$6+860 -> 47860
B7: Panels is the only cell that changes the height — the slewing deck, the tower head, the jib, the counter-jib and the hoist all ride on Mast top. Head ht is measured from the deck to the apex, so the A-frame keeps its shape at any tower height.
B8: checked for you | C8: panels | D8: ==IF(PARAM!$D$6<3,"at least 3",IF(PARAM!$D$6>40,"over 40 — free-standing?","ok "&PARAM!$D$6)) -> ok 15 | E8: overall | F8: ==TEXT(PARAM!$J$6/1000,"0.0")&" m" -> 47.9 m
B10: 2. JIB AND TAIL | C10: how far it reaches — bay count is the radius
C11: Bay | D11: Bays | E11: Root | F11: Tip | H11: End | I11: Radius | J11: Bottom chord
B12: Jib | C12: 3000 | D12: 15 | E12: 1900 | F12: 1600 | H12: ==PARAM!$E$12+PARAM!$C$12*PARAM!$D$12 -> 46900 | I12: ==PARAM!$H$12+PARAM!$F$12 -> 48500 | J12: ==PARAM!$H$6+1140 -> 38140
B13: Counter-jib | C13: 2600 | D13: 5 | E13: 1900 | F13: — | H13: ==-PARAM!$E$13-PARAM!$C$13*PARAM!$D$13 -> -14900 | I13: ==-PARAM!$H$13 -> 14900
B14: Bays is the only cell that changes the reach. The jib tip module, the pendant hang points and the trolley limit are all worked out from End — nothing on the input tab is written to a fixed radius.
B15: checked for you | C15: pendant at | D15: ==TEXT(PARAM!$E$12+PARAM!$C$12*ROUND((PARAM!$D$12-2)/2,0),"0")&" / "&TEXT(PARAM!$H$12-1500,"0") -> 21400 / 45400 | E15: radius | F15: ==TEXT(PARAM!$I$12/1000,"0.0")&" m" -> 48.5 m
B17: 3. HOIST | C17: where the trolley parks and how far the hook hangs
C18: Trolley R | D18: Hook drop | H18: Trolley lvl | I18: Hook lvl | J18: Ground clr
B19: Hoist | C19: 30000 | D19: 26020 | H19: ==PARAM!$J$12+1880 -> 40020 | I19: ==PARAM!$H$19-PARAM!$D$19 -> 14000 | J19: ==PARAM!$I$19-1910 -> 12090
B20: Hook drop is the rope, measured down from the trolley — so the hook keeps the same drop when the tower grows, which is what you want when the two are animated together. Both the hook module and the four falls of rope read this one cell.
B21: checked for you | C21: trolley | D21: ==IF(PARAM!$C$19>PARAM!$H$12-1500,"past the jib end","ok") -> ok | E21: hook | F21: ==IF(PARAM!$J$19<0,"below ground by "&TEXT(-PARAM!$J$19/1000,"0.0")&" m","ok") -> ok
B23: 4. JIB SLEW | C23: which way the jib points — the mast stays put
C24: Jib angle ° | H24: cos | I24: sin | J24: Jib points
B25: Jib slew | C25: 0 | H25: ==COS(RADIANS(PARAM!$C$25)) -> 1 | I25: ==SIN(RADIANS(PARAM!$C$25)) -> 0 | J25: ==TEXT(MOD(PARAM!$C$25,360),"0")&"° from +X" -> 0° from +X
B26: The jib turns, and everything that rides with it: counter-jib, counterweight, tower head, cab, machinery deck, pendants, trolley and hook — the slewing deck and all of it above the bearing. The base and the mast do not move. The axis is the mast centre line, so 0 deg is the jib along +X.
B28: 5. WHAT THE NUMBERS MEAN | C28: the same cells, drawn where they act
B30: Elevation — every blue cell, dimensioned where it acts
B69: Plan — the jib angle, drawn here at 40°

Sheet input
A1: Saddle-jib tower crane. Every teal number is read from the PARAM tab - change it there, not here. | B1: # SECT | C1: id | D1: mat | E1: length | F1: TYPE | G1: base.pt | H1: v1 | I1: v2 | J1: v3 | K1: v4 | L1: v5 | M1: v6 | N1: v7
A2: mast chord. The length here is the panel; the coordinates rule | B2: SECT | C2: sc.mch | D2: SM490 | E2: ==PARAM!$C$6 -> 2400 | F2: L | G2: bl | H2: 150 | I2: 150 | J2: 14 | K2: 14 | L2: 14 | M2: 7
B3: SECT | C3: sc.jch | D3: SM490 | E3: ==PARAM!$C$12 -> 3000 | F3: L | G3: bl | H3: 120 | I3: 120 | J3: 12 | K3: 12 | L3: 12 | M3: 6
B4: SECT | C4: sc.cch | D4: SM490 | E4: ==PARAM!$C$13 -> 2600 | F4: L | G4: bl | H4: 110 | I4: 110 | J4: 10 | K4: 10 | L4: 10 | M4: 5
A5: tower head leg - leans two ways, so it is written as two points | B5: SECT | C5: sc.hlg | D5: SM490 | E5: 9500 | F5: L | G5: bl | H5: 130 | I5: 130 | J5: 12 | K5: 12 | L5: 12 | M5: 6
B6: SECT | C6: sc.main | D6: SM490 | E6: 4600 | F6: H | G6: mc | H6: 700 | I6: 300 | J6: 300 | K6: 14 | L6: 22 | M6: 22 | N6: 24
B7: SECT | C7: sc.bfr | D7: SM490 | E7: 4800 | F7: H | G7: mc | H7: 600 | I7: 250 | J7: 250 | K7: 12 | L7: 19 | M7: 19 | N7: 22
B8: SECT | C8: sc.bcr | D8: SM490 | E8: 1400 | F8: H | G8: mc | H8: 400 | I8: 200 | J8: 200 | K8: 9 | L8: 14 | M8: 14 | N8: 16
B10: # BAR | C10: id | D10: mat | E10: dia | F10: length
B11: BAR | C11: bar.mh | D11: SM490 | E11: 70 | F11: 1600
B12: BAR | C12: bar.md | D12: SM490 | E12: 60 | F12: 2885
B13: BAR | C13: bar.lst | D13: SS275 | E13: 34 | F13: ==PARAM!$C$6 -> 2400
B14: BAR | C14: bar.lrg | D14: SS275 | E14: 22 | F14: 400
B15: BAR | C15: bar.strut | D15: SM490 | E15: 130 | F15: 4300
B16: BAR | C16: bar.anb | D16: SS400 | E16: 48 | F16: 180
A17: jib bottom chord | B17: BAR | C17: bar.jbc | D17: SM490 | E17: 100 | F17: ==PARAM!$C$12 -> 3000
B18: BAR | C18: bar.jth | D18: SM490 | E18: 70 | F18: 1300
B19: BAR | C19: bar.jw | D19: SM490 | E19: 60 | F19: 2200
B20: BAR | C20: bar.jpl | D20: SM490 | E20: 55 | F20: 3300
B21: BAR | C21: bar.cbc | D21: SM490 | E21: 110 | F21: ==PARAM!$C$13 -> 2600
B22: BAR | C22: bar.ch | D22: SM490 | E22: 65 | F22: 1300
B23: BAR | C23: bar.cw | D23: SM490 | E23: 60 | F23: 2000
B24: BAR | C24: bar.ht | D24: SM490 | E24: 70 | F24: 1600
B25: BAR | C25: bar.hd | D25: SM490 | E25: 60 | F25: 2400
A26: pendant tie bar | B26: BAR | C26: bar.pen | D26: SS540 | E26: 70 | F26: 26000
B27: BAR | C27: bar.hang | D27: SM490 | E27: 80 | F27: 800
B28: BAR | C28: bar.rope | D28: SS275 | E28: 26 | F28: 26000
B29: BAR | C29: bar.rail | D29: SS275 | E29: 34 | F29: 4800
B30: BAR | C30: bar.post | D30: SS275 | E30: 40 | F30: 1050
B31: BAR | C31: bar.shk | D31: SM490 | E31: 150 | F31: 700
B32: BAR | C32: bar.axle | D32: SM490 | E32: 90 | F32: 900
B33: BAR | C33: bar.barrel | D33: SM490 | E33: 420 | F33: 1300
B35: # PLATE | C35: id | D35: mat | E35: thk | F35: shape | G35: base.pt | H35: p1 | I35: p2 | J35: p3 | K35: p4
B36: PLATE | C36: pl.bped | D36: SM490 | E36: 50 | F36: RECT | G36: mc | H36: 1900 | I36: 1900
B37: PLATE | C37: pl.fpl | D37: SM490 | E37: 60 | F37: RECT | G37: mc | H37: 900 | I37: 900
B38: PLATE | C38: pl.ring | D38: SM490 | E38: 120 | F38: CIRC | G38: mc | H38: 2400
B39: PLATE | C39: pl.rinn | D39: SM490 | E39: 120 | F39: CIRC | G39: mc | H39: 1900
B40: PLATE | C40: pl.dk | D40: SM490 | E40: 30 | F40: RECT | G40: mc | H40: 3800 | I40: 2600
B41: PLATE | C41: pl.gbx | D41: SM490 | E41: 350 | F41: RECT | G41: mc | H41: 650 | I41: 500
B42: PLATE | C42: pl.hcap | D42: SM490 | E42: 40 | F42: RECT | G42: mc | H42: 900 | I42: 900
B43: PLATE | C43: pl.hear | D43: SM490 | E43: 30 | F43: TRAP | G43: bl | H43: 1000 | I43: 320 | J43: 760 | K43: 340
B44: PLATE | C44: pl.pap | D44: SM490 | E44: 40 | F44: RECT | G44: mc | H44: 900 | I44: 500
B45: PLATE | C45: pl.jrt | D45: SM490 | E45: 25 | F45: TRAP | G45: bl | H45: 2050 | I45: 900 | J45: 1450 | K45: 0
B46: PLATE | C46: pl.crt | D46: SM490 | E46: 25 | F46: TRAP | G46: bl | H46: 1750 | I46: 800 | J46: 1250 | K46: 0
A47: counterweight slab x5 | B47: PLATE | C47: pl.cwt | D47: SM490 | E47: 150 | F47: RECT | G47: mc | H47: 2100 | I47: 1500
B48: PLATE | C48: pl.cwh | D48: SM490 | E48: 30 | F48: RECT | G48: mc | H48: 1300 | I48: 900
B49: PLATE | C49: pl.mdk | D49: SM490 | E49: 10 | F49: RECT | G49: mc | H49: 5200 | I49: 2000
B50: PLATE | C50: pl.dfl | D50: SM490 | E50: 50 | F50: CIRC | G50: mc | H50: 900
B51: PLATE | C51: pl.mot | D51: SM490 | E51: 380 | F51: RECT | G51: mc | H51: 650 | I51: 550
B52: PLATE | C52: pl.cabf | D52: SS275 | E52: 6 | F52: RECT | G52: mc | H52: 1900 | I52: 2080
B53: PLATE | C53: pl.cabs | D53: SS275 | E53: 6 | F53: RECT | G53: mc | H53: 1900 | I53: 2180
B54: PLATE | C54: pl.cabg | D54: GLASS | E54: 8 | F54: RECT | G54: mc | H54: 2080 | I54: 2180
B55: PLATE | C55: pl.tfr | D55: SM490 | E55: 25 | F55: RECT | G55: mc | H55: 1400 | I55: 1600
B56: PLATE | C56: pl.twh | D56: SM490 | E56: 90 | F56: CIRC | G56: mc | H56: 320
B57: PLATE | C57: pl.hbk | D57: SM490 | E57: 30 | F57: TRAP | G57: bl | H57: 1200 | I57: 700 | J57: 1000 | K57: 250
B58: PLATE | C58: pl.shv | D58: SM490 | E58: 50 | F58: CIRC | G58: mc | H58: 620
B59: PLATE | C59: pl.hk | D59: SM490 | E59: 90 | F59: TRAP | G59: bl | H59: 900 | I59: 250 | J59: 1200 | K59: 325
B61: # HOLE | C61: id | D61: shape | E61: base.pt | F61: d
B62: HOLE | C62: ho.race | D62: CIRC | E62: mc | F62: 1700
B63: HOLE | C63: ho.bore | D63: CIRC | E63: mc | F63: 1500
B64: HOLE | C64: ho.anb | D64: CIRC | E64: mc | F64: 52
B65: HOLE | C65: ho.axle | D65: CIRC | E65: mc | F65: 95
B66: HOLE | C66: ho.pin | D66: CIRC | E66: mc | F66: 130
A68: a slew bearing is a ring, so it is cut like one | B68: # CUT | C68: plate | D68: L.X | E68: L.Y | F68: shape | G68: dx | H68: dy | I68: repeat
B69: CUT | C69: pl.ring | D69: 0 | E69: 0 | F69: ho.race
B70: CUT | C70: pl.rinn | D70: 0 | E70: 0 | F70: ho.bore
B71: CUT | C71: pl.fpl | D71: -280 | E71: -280 | F71: ho.anb | G71: 560 | H71: 0 | I71: 1
B72: CUT | C72: pl.fpl | D72: -280 | E72: 280 | F72: ho.anb | G72: 560 | H72: 0 | I72: 1
B73: CUT | C73: pl.twh | D73: 0 | E73: 0 | F73: ho.axle
B74: CUT | C74: pl.shv | D74: 0 | E74: 0 | F74: ho.axle
B75: CUT | C75: pl.hear | D75: 760 | E75: 420 | F75: ho.pin
B76: CUT | C76: pl.pap | D76: 0 | E76: 0 | F76: ho.pin
B78: # MODULE | C78: id | D78: member | E78: Ref.Pt | F78: LX1 | G78: LY1 | H78: LZ1 | I78: LX2 | J78: LY2 | K78: LZ2 | L78: OFF_B | M78: OFF_E | N78: Alpha
A79: ONE mast panel: 4 chords, 4 horizontals, 4 diagonals, ladder | B79: MODULE | C79: md.mast | D79: sc.mch_1 | F79: -800 | G79: -800 | H79: 0 | I79: -800 | J79: -800 | K79: ==PARAM!$C$6 -> 2400
B80: MODULE | C80: md.mast | D80: sc.mch_2 | F80: 800 | G80: -800 | H80: 0 | I80: 800 | J80: -800 | K80: ==PARAM!$C$6 -> 2400 | N80: 90
B81: MODULE | C81: md.mast | D81: sc.mch_3 | F81: 800 | G81: 800 | H81: 0 | I81: 800 | J81: 800 | K81: ==PARAM!$C$6 -> 2400 | N81: 180
B82: MODULE | C82: md.mast | D82: sc.mch_4 | F82: -800 | G82: 800 | H82: 0 | I82: -800 | J82: 800 | K82: ==PARAM!$C$6 -> 2400 | N82: 270
B83: MODULE | C83: md.mast | D83: bar.mh_1 | F83: -800 | G83: -850 | H83: ==PARAM!$C$6 -> 2400 | I83: 800 | J83: -850 | K83: ==PARAM!$C$6 -> 2400
B84: MODULE | C84: md.mast | D84: bar.mh_2 | F84: 850 | G84: -800 | H84: ==PARAM!$C$6 -> 2400 | I84: 850 | J84: 800 | K84: ==PARAM!$C$6 -> 2400
B85: MODULE | C85: md.mast | D85: bar.mh_3 | F85: 800 | G85: 850 | H85: ==PARAM!$C$6 -> 2400 | I85: -800 | J85: 850 | K85: ==PARAM!$C$6 -> 2400
B86: MODULE | C86: md.mast | D86: bar.mh_4 | F86: -850 | G86: 800 | H86: ==PARAM!$C$6 -> 2400 | I86: -850 | J86: -800 | K86: ==PARAM!$C$6 -> 2400
B87: MODULE | C87: md.mast | D87: bar.md_1 | F87: -800 | G87: -850 | H87: 0 | I87: 800 | J87: -850 | K87: ==PARAM!$C$6 -> 2400 | L87: 95 | M87: 95
B88: MODULE | C88: md.mast | D88: bar.md_2 | F88: 850 | G88: -800 | H88: 0 | I88: 850 | J88: 800 | K88: ==PARAM!$C$6 -> 2400 | L88: 95 | M88: 95
B89: MODULE | C89: md.mast | D89: bar.md_3 | F89: 800 | G89: 850 | H89: 0 | I89: -800 | J89: 850 | K89: ==PARAM!$C$6 -> 2400 | L89: 95 | M89: 95
B90: MODULE | C90: md.mast | D90: bar.md_4 | F90: -850 | G90: 800 | H90: 0 | I90: -850 | J90: -800 | K90: ==PARAM!$C$6 -> 2400 | L90: 95 | M90: 95
B91: MODULE | C91: md.mast | D91: bar.lst_1 | F91: 520 | G91: -220 | H91: 0 | I91: 520 | J91: -220 | K91: ==PARAM!$C$6 -> 2400
B92: MODULE | C92: md.mast | D92: bar.lst_2 | F92: 520 | G92: 220 | H92: 0 | I92: 520 | J92: 220 | K92: ==PARAM!$C$6 -> 2400
B93: MODULE | C93: md.mast | D93: bar.lrg_1 | F93: 520 | G93: -220 | H93: ==PARAM!$C$6/6 -> 400 | I93: 520 | J93: 220 | K93: ==PARAM!$C$6/6 -> 400 | L93: 25 | M93: 25
B94: MODULE | C94: md.mast | D94: bar.lrg_2 | F94: 520 | G94: -220 | H94: ==PARAM!$C$6/2 -> 1200 | I94: 520 | J94: 220 | K94: ==PARAM!$C$6/2 -> 1200 | L94: 25 | M94: 25
B95: MODULE | C95: md.mast | D95: bar.lrg_3 | F95: 520 | G95: -220 | H95: ==PARAM!$C$6*5/6 -> 2000 | I95: 520 | J95: 220 | K95: ==PARAM!$C$6*5/6 -> 2000 | L95: 25 | M95: 25
B96: # MODULE | C96: id | D96: member | E96: Ref.Pt | F96: L.X | G96: L.Y | H96: L.Z | I96: PLANE | J96: ROT.X | K96: ROT.Y | L96: ROT.Z
B97: MODULE | C97: md.mast | D97: BASE | E97: sc.mch_1 | F97: bl
B99: # MODULE | C99: id | D99: member | E99: Ref.Pt | F99: L.X | G99: L.Y | H99: L.Z | I99: PLANE | J99: ROT.X | K99: ROT.Y | L99: ROT.Z
B100: MODULE | C100: md.base | D100: pl.bped | E100: mc+ | F100: 0 | G100: 0 | H100: 0 | I100: XY
B101: # MODULE | C101: id | D101: member | E101: Ref.Pt | F101: LX1 | G101: LY1 | H101: LZ1 | I101: LX2 | J101: LY2 | K101: LZ2 | L101: OFF_B | M101: OFF_E | N101: Alpha
B102: MODULE | C102: md.base | D102: sc.bfr_1 | F102: -2400 | G102: -2400 | H102: -400 | I102: 2400 | J102: -2400 | K102: -400
B103: MODULE | C103: md.base | D103: sc.bfr_3 | F103: -2400 | G103: 2400 | H103: -400 | I103: 2400 | J103: 2400 | K103: -400
B104: MODULE | C104: md.base | D104: sc.bfr_2 | F104: 2400 | G104: -2400 | H104: -400 | I104: 2400 | J104: 2400 | K104: -400 | L104: 140 | M104: 140
B105: MODULE | C105: md.base | D105: sc.bfr_4 | F105: -2400 | G105: -2400 | H105: -400 | I105: -2400 | J105: 2400 | K105: -400 | L105: 140 | M105: 140
B106: MODULE | C106: md.base | D106: sc.bcr_1 | F106: 1000 | G106: 0 | H106: -400 | I106: 2400 | J106: 0 | K106: -400 | M106: 140
...
