Workbook

Sheet 설정
A1: 인천대교 강의편 — 내레이션 대본
A3: 노란 칸만 채우시면 됩니다.
A5: 말하기 속도 (글자/초) | B5: 5.5
A6: 문장 사이 쉼 (초) | B6: 0.5
A7: 절 사이 쉼 (초) | B7: 1.2
A9: 위 세 칸은 아직 목소리가 없을 때 쓰는 추정값입니다.
A10: 녹음을 받으면 「대본」 탭의 노란 「실제초」 열에 붙여넣으세요.
A11: 예: 3.4 — 초 단위, 소수 한 자리
A12: 한 줄이라도 채워지면 그 줄은 추정값 대신 실제값으로 계산됩니다.
A13: 시작·끝 시각은 그때마다 저절로 다시 계산됩니다.

Sheet 대본
A1: 번호 | B1: 절 | C1: 한국어 (읽는 말) | D1: English (자막) | E1: 화면 | F1: 글자수 | G1: 예상초 | H1: 실제초 | I1: 사용초 | J1: 시작 | K1: 끝
A2: n01 | B2: 0 인트로 | C2: 인천대교. 우리나라를 대표하는 다리죠. | D2: The Incheon Bridge — Korea’s landmark crossing. | E2: 완성된 다리, 천천히 회전 | F2: =LEN(SUBSTITUTE(C2," ","")) -> 18 | G2: =ROUND(F2/설정!$B$5+0.3,1) -> 3.6 | I2: =IF(H2="",G2,H2) -> 3.6 | J2: 0 | K2: =ROUND(J2+I2,1) -> 3.6
A3: n02 | B3: 0 인트로 | C3: 이걸 엑셀로 만들 수 있습니다. | D3: You can build it in Excel. | E3: 컷 — 엑셀 시트 | F3: =LEN(SUBSTITUTE(C3," ","")) -> 13 | G3: =ROUND(F3/설정!$B$5+0.3,1) -> 2.7 | I3: =IF(H3="",G3,H3) -> 2.7 | J3: =ROUND(K2+IF(B3=B2,설정!$B$6,설정!$B$7),1) -> 4.1 | K3: =ROUND(J3+I3,1) -> 6.8
A4: n03 | B4: 0 인트로 | C4: 플레이트쓰리디 하나면 됩니다. 어렵지 않습니다. | D4: All it takes is PLATE3D. It is not hard. | E4: 앱 화면 | F4: =LEN(SUBSTITUTE(C4," ","")) -> 22 | G4: =ROUND(F4/설정!$B$5+0.3,1) -> 4.3 | I4: =IF(H4="",G4,H4) -> 4.3 | J4: =ROUND(K3+IF(B4=B3,설정!$B$6,설정!$B$7),1) -> 7.3 | K4: =ROUND(J4+I4,1) -> 11.6
A5: n04 | B5: 0 인트로 | C5: 지금부터 같이 만들어 보겠습니다. | D5: Let’s make it, step by step. | E5: 빈 시트 | F5: =LEN(SUBSTITUTE(C5," ","")) -> 15 | G5: =ROUND(F5/설정!$B$5+0.3,1) -> 3 | I5: =IF(H5="",G5,H5) -> 3 | J5: =ROUND(K4+IF(B5=B4,설정!$B$6,설정!$B$7),1) -> 12.1 | K5: =ROUND(J5+I5,1) -> 15.1
A6: n05 | B6: 1 받기 | C6: 먼저 macroBIM 사이트로 갑니다. 설치할 건 없습니다. 브라우저에서 바로 돌아갑니다. | D6: Start at macroBIM. Nothing to install — it runs in the browser. | E6: 사이트 → PLATE3D | F6: =LEN(SUBSTITUTE(C6," ","")) -> 41 | G6: =ROUND(F6/설정!$B$5+0.3,1) -> 7.8 | I6: =IF(H6="",G6,H6) -> 7.8 | J6: =ROUND(K5+IF(B6=B5,설정!$B$6,설정!$B$7),1) -> 16.3 | K6: =ROUND(J6+I6,1) -> 24.1
A7: n06 | B7: 1 받기 | C7: 왼쪽 메뉴에서 PLATE3D, 오른쪽 위 Example 을 누릅니다. | D7: PLATE3D on the left, then Example, top right. | E7: 메뉴 → Example 창 | F7: =LEN(SUBSTITUTE(C7," ","")) -> 31 | G7: =ROUND(F7/설정!$B$5+0.3,1) -> 5.9 | I7: =IF(H7="",G7,H7) -> 5.9 | J7: =ROUND(K6+IF(B7=B6,설정!$B$6,설정!$B$7),1) -> 24.6 | K7: =ROUND(J7+I7,1) -> 30.5
A8: n07 | B8: 1 받기 | C8: 맨 위 Template 을 받으세요. 모든 키워드가 주석으로 들어 있는 빈 시트입니다. | D8: Take the Template at the top — a blank sheet with every keyword in it, commented out. | E8: Template 행 → DOWNLOAD → SAVED | F8: =LEN(SUBSTITUTE(C8," ","")) -> 37 | G8: =ROUND(F8/설정!$B$5+0.3,1) -> 7 | I8: =IF(H8="",G8,H8) -> 7 | J8: =ROUND(K7+IF(B8=B7,설정!$B$6,설정!$B$7),1) -> 31 | K8: =ROUND(J8+I8,1) -> 38
A9: n08 | B9: 1 받기 | C9: 이 파일은 아무것도 만들지 않습니다. 그게 이 파일의 쓸모입니다. | D9: It builds nothing. That is what it is for. | E9: 엑셀에서 열린 템플릿 | F9: =LEN(SUBSTITUTE(C9," ","")) -> 28 | G9: =ROUND(F9/설정!$B$5+0.3,1) -> 5.4 | I9: =IF(H9="",G9,H9) -> 5.4 | J9: =ROUND(K8+IF(B9=B8,설정!$B$6,설정!$B$7),1) -> 38.5 | K9: =ROUND(J9+I9,1) -> 43.9
A10: n09 | B10: 2 계획 | C10: 치기 전에, 이 도구가 뭘 할 줄 아는지부터 봅니다. | D10: Before typing, look at what the tool can do. | E10: 템플릿 헤더들이 차례로 | F10: =LEN(SUBSTITUTE(C10," ","")) -> 21 | G10: =ROUND(F10/설정!$B$5+0.3,1) -> 4.1 | I10: =IF(H10="",G10,H10) -> 4.1 | J10: =ROUND(K9+IF(B10=B9,설정!$B$6,설정!$B$7),1) -> 45.1 | K10: =ROUND(J10+I10,1) -> 49.2
A11: n10 | B11: 2 계획 | C11: 단면은 타이핑으로 만듭니다. 카탈로그가 없습니다. 치수를 직접 적습니다. | D11: Sections are typed. There is no catalogue — you write the dimensions. | E11: # SECT 헤더 | F11: =LEN(SUBSTITUTE(C11," ","")) -> 33 | G11: =ROUND(F11/설정!$B$5+0.3,1) -> 6.3 | I11: =IF(H11="",G11,H11) -> 6.3 | J11: =ROUND(K10+IF(B11=B10,설정!$B$6,설정!$B$7),1) -> 49.7 | K11: =ROUND(J11+I11,1) -> 56
A12: n11 | B12: 2 계획 | C12: 굵기가 변하는 부재도 됩니다. 단면 둘을 부르면 그 사이를 세워 줍니다. | D12: A member can change section: name two, and it flows between them. | E12: # TAPER 헤더 | F12: =LEN(SUBSTITUTE(C12," ","")) -> 30 | G12: =ROUND(F12/설정!$B$5+0.3,1) -> 5.8 | I12: =IF(H12="",G12,H12) -> 5.8 | J12: =ROUND(K11+IF(B12=B11,설정!$B$6,설정!$B$7),1) -> 56.5 | K12: =ROUND(J12+I12,1) -> 62.3
A13: n12 | B13: 2 계획 | C13: 부재는 두 점 사이에 세웁니다. 시작점과 끝점만 있으면 됩니다. | D13: A member goes between two points. Start and end, that is all. | E13: # MODULE 헤더 | F13: =LEN(SUBSTITUTE(C13," ","")) -> 27 | G13: =ROUND(F13/설정!$B$5+0.3,1) -> 5.2 | I13: =IF(H13="",G13,H13) -> 5.2 | J13: =ROUND(K12+IF(B13=B12,설정!$B$6,설정!$B$7),1) -> 62.8 | K13: =ROUND(J13+I13,1) -> 68
A14: n13 | B14: 2 계획 | C14: 그리고 대칭으로 뒤집을 수 있습니다. | D14: And it can be mirrored. | E14: # ASSY 헤더 | F14: =LEN(SUBSTITUTE(C14," ","")) -> 16 | G14: =ROUND(F14/설정!$B$5+0.3,1) -> 3.2 | I14: =IF(H14="",G14,H14) -> 3.2 | J14: =ROUND(K13+IF(B14=B13,설정!$B$6,설정!$B$7),1) -> 68.5 | K14: =ROUND(J14+I14,1) -> 71.7
... A58: n57 | B58: 8 마무리 | C58: 브라우저에서 바로 돌아갑니다. macroBIM 입니다. | D58: It runs in the browser. macroBIM. | E58: 로고 | F58: =LEN(SUBSTITUTE(C58," ","")) -> 26 | G58: =ROUND(F58/설정!$B$5+0.3,1) -> 5 | I58: =IF(H58="",G58,H58) -> 5 | J58: =ROUND(K57+IF(B58=B57,설정!$B$6,설정!$B$7),1) -> 296.8 | K58: =ROUND(J58+I58,1) -> 301.8
E60: 합계 | J60: =INT(K58/60)&"분 "&ROUND(MOD(K58,60),0)&"초" -> 5분 2초
E61: 노란 「실제초」가 비면 「예상초」로 계산합니다.

Sheet TTS 넘길 것
A1: 이 탭의 B열을 그대로 TTS 에 넘기고, 파일 이름을 A열로 저장하세요.
A2: 문장마다 파일 하나씩입니다. 한 덩어리로 받으면 길이를 따로 잴 수 없습니다.
A4: 파일명 | B4: 읽을 말
A5: =대본!A2&".mp3" -> n01.mp3 | B5: =대본!C2 -> 인천대교. 우리나라를 대표하는 다리죠.
A6: =대본!A3&".mp3" -> n02.mp3 | B6: =대본!C3 -> 이걸 엑셀로 만들 수 있습니다.
A7: =대본!A4&".mp3" -> n03.mp3 | B7: =대본!C4 -> 플레이트쓰리디 하나면 됩니다. 어렵지 않습니다.
A8: =대본!A5&".mp3" -> n04.mp3 | B8: =대본!C5 -> 지금부터 같이 만들어 보겠습니다.
A9: =대본!A6&".mp3" -> n05.mp3 | B9: =대본!C6 -> 먼저 macroBIM 사이트로 갑니다. 설치할 건 없습니다. 브라우저에서 바로 돌아갑니다.
A10: =대본!A7&".mp3" -> n06.mp3 | B10: =대본!C7 -> 왼쪽 메뉴에서 PLATE3D, 오른쪽 위 Example 을 누릅니다.
A11: =대본!A8&".mp3" -> n07.mp3 | B11: =대본!C8 -> 맨 위 Template 을 받으세요. 모든 키워드가 주석으로 들어 있는 빈 시트입니다.
A12: =대본!A9&".mp3" -> n08.mp3 | B12: =대본!C9 -> 이 파일은 아무것도 만들지 않습니다. 그게 이 파일의 쓸모입니다.
A13: =대본!A10&".mp3" -> n09.mp3 | B13: =대본!C10 -> 치기 전에, 이 도구가 뭘 할 줄 아는지부터 봅니다.
A14: =대본!A11&".mp3" -> n10.mp3 | B14: =대본!C11 -> 단면은 타이핑으로 만듭니다. 카탈로그가 없습니다. 치수를 직접 적습니다.
A15: =대본!A12&".mp3" -> n11.mp3 | B15: =대본!C12 -> 굵기가 변하는 부재도 됩니다. 단면 둘을 부르면 그 사이를 세워 줍니다.
A16: =대본!A13&".mp3" -> n12.mp3 | B16: =대본!C13 -> 부재는 두 점 사이에 세웁니다. 시작점과 끝점만 있으면 됩니다.
... A61: =대본!A58&".mp3" -> n57.mp3 | B61: =대본!C58 -> 브라우저에서 바로 돌아갑니다. macroBIM 입니다.
